product_name,pict_url,rating,size,color,gender,price,timestamp
T-shirt 2,https://picsum.photos/280/350?random=2,⭐ 3.9 / 5,M,3 Colors,Women,1634400,2025-06-01-20:07:01
Hoodie 3,https://picsum.photos/280/350?random=3,⭐ 4.8 / 5,L,3 Colors,Unisex,7950080,2025-06-01-20:07:01
Pants 4,https://picsum.photos/280/350?random=4,⭐ 3.3 / 5,XL,3 Colors,Men,7476960,2025-06-01-20:07:01
Outerwear 5,https://picsum.photos/280/350?random=5,⭐ 3.5 / 5,XXL,3 Colors,Women,5145440,2025-06-01-20:07:01
Jacket 6,https://picsum.photos/280/350?random=6,⭐ 3.3 / 5,S,3 Colors,Unisex,2453920,2025-06-01-20:07:01
Crewneck 7,https://picsum.photos/280/350?random=7,⭐ 4.3 / 5,M,3 Colors,Men,6892000,2025-06-01-20:07:01
T-shirt 8,https://picsum.photos/280/350?random=8,⭐ 3.1 / 5,L,3 Colors,Women,7802560,2025-06-01-20:07:01
Hoodie 9,https://picsum.photos/280/350?random=9,⭐ 3.2 / 5,XL,3 Colors,Unisex,3972160,2025-06-01-20:07:01
Pants 10,https://picsum.photos/280/350?random=10,⭐ 4.2 / 5,XXL,3 Colors,Men,3100160,2025-06-01-20:07:01
Jacket 12,https://picsum.photos/280/350?random=12,⭐ 3.9 / 5,M,3 Colors,Unisex,8527840,2025-06-01-20:07:01
Crewneck 13,https://picsum.photos/280/350?random=13,⭐ 3.2 / 5,L,3 Colors,Men,5447200,2025-06-01-20:07:01
T-shirt 14,https://picsum.photos/280/350?random=14,⭐ 3.8 / 5,XL,3 Colors,Women,3248800,2025-06-01-20:07:01
Hoodie 15,https://picsum.photos/280/350?random=15,⭐ 3.6 / 5,XXL,3 Colors,Unisex,2184160,2025-06-01-20:07:01
Outerwear 17,https://picsum.photos/280/350?random=17,⭐ 3.8 / 5,M,3 Colors,Women,841600,2025-06-01-20:07:01
Jacket 18,https://picsum.photos/280/350?random=18,⭐ 3.8 / 5,L,3 Colors,Unisex,5500000,2025-06-01-20:07:01
Crewneck 19,https://picsum.photos/280/350?random=19,⭐ 3.6 / 5,XL,3 Colors,Men,1308960,2025-06-01-20:07:01
T-shirt 20,https://picsum.photos/280/350?random=20,⭐ 3.4 / 5,XXL,3 Colors,Women,1325600,2025-06-01-20:07:01
Pants 22,https://picsum.photos/280/350?random=22,⭐ 4.9 / 5,M,3 Colors,Men,4319680,2025-06-01-20:07:04
Outerwear 23,https://picsum.photos/280/350?random=23,⭐ 3.7 / 5,L,3 Colors,Women,4655840,2025-06-01-20:07:04
Jacket 24,https://picsum.photos/280/350?random=24,⭐ 3.9 / 5,XL,3 Colors,Unisex,8223520,2025-06-01-20:07:04
Crewneck 25,https://picsum.photos/280/350?random=25,⭐ 3.3 / 5,XXL,3 Colors,Men,8322559,2025-06-01-20:07:04
T-shirt 26,https://picsum.photos/280/350?random=26,⭐ 4.6 / 5,S,3 Colors,Women,7292320,2025-06-01-20:07:04
Hoodie 27,https://picsum.photos/280/350?random=27,⭐ 4.8 / 5,M,3 Colors,Unisex,3551840,2025-06-01-20:07:04
Pants 28,https://picsum.photos/280/350?random=28,⭐ 4.0 / 5,L,3 Colors,Men,5216160,2025-06-01-20:07:04
Outerwear 29,https://picsum.photos/280/350?random=29,⭐ 3.1 / 5,XL,3 Colors,Women,861600,2025-06-01-20:07:04
Jacket 30,https://picsum.photos/280/350?random=30,⭐ 3.7 / 5,XXL,3 Colors,Unisex,8610240,2025-06-01-20:07:04
T-shirt 32,https://picsum.photos/280/350?random=32,⭐ 3.4 / 5,M,3 Colors,Women,6657920,2025-06-01-20:07:04
Hoodie 33,https://picsum.photos/280/350?random=33,⭐ 3.5 / 5,L,3 Colors,Unisex,7248160,2025-06-01-20:07:04
Pants 34,https://picsum.photos/280/350?random=34,⭐ 3.8 / 5,XL,3 Colors,Men,8362719,2025-06-01-20:07:04
Outerwear 35,https://picsum.photos/280/350?random=35,⭐ 3.8 / 5,XXL,3 Colors,Women,1356160,2025-06-01-20:07:04
Jacket 36,https://picsum.photos/280/350?random=36,⭐ 3.7 / 5,S,3 Colors,Unisex,7249280,2025-06-01-20:07:04
Crewneck 37,https://picsum.photos/280/350?random=37,⭐ 4.0 / 5,M,3 Colors,Men,6006080,2025-06-01-20:07:04
T-shirt 38,https://picsum.photos/280/350?random=38,⭐ 3.2 / 5,L,3 Colors,Women,4866080,2025-06-01-20:07:04
Hoodie 39,https://picsum.photos/280/350?random=39,⭐ 4.6 / 5,XL,3 Colors,Unisex,6431200,2025-06-01-20:07:04
Pants 40,https://picsum.photos/280/350?random=40,⭐ 3.1 / 5,XXL,3 Colors,Men,5853600,2025-06-01-20:07:04
Jacket 42,https://picsum.photos/280/350?random=42,⭐ 3.7 / 5,M,3 Colors,Unisex,6744160,2025-06-01-20:07:06
Crewneck 43,https://picsum.photos/280/350?random=43,⭐ 4.5 / 5,L,3 Colors,Men,2909600,2025-06-01-20:07:06
T-shirt 44,https://picsum.photos/280/350?random=44,⭐ 3.0 / 5,XL,3 Colors,Women,3312320,2025-06-01-20:07:06
Hoodie 45,https://picsum.photos/280/350?random=45,⭐ 4.5 / 5,XXL,3 Colors,Unisex,8693120,2025-06-01-20:07:06
Outerwear 47,https://picsum.photos/280/350?random=47,⭐ 3.2 / 5,M,3 Colors,Women,6364640,2025-06-01-20:07:06
Jacket 48,https://picsum.photos/280/350?random=48,⭐ 3.4 / 5,L,3 Colors,Unisex,4994720,2025-06-01-20:07:06
Crewneck 49,https://picsum.photos/280/350?random=49,⭐ 4.0 / 5,XL,3 Colors,Men,1071200,2025-06-01-20:07:06
T-shirt 50,https://picsum.photos/280/350?random=50,⭐ 3.1 / 5,XXL,3 Colors,Women,5932960,2025-06-01-20:07:06
Pants 52,https://picsum.photos/280/350?random=52,⭐ 4.0 / 5,M,3 Colors,Men,1596480,2025-06-01-20:07:06
Outerwear 53,https://picsum.photos/280/350?random=53,⭐ 4.3 / 5,L,3 Colors,Women,4470880,2025-06-01-20:07:06
Jacket 54,https://picsum.photos/280/350?random=54,⭐ 4.2 / 5,XL,3 Colors,Unisex,854560,2025-06-01-20:07:06
Crewneck 55,https://picsum.photos/280/350?random=55,⭐ 3.6 / 5,XXL,3 Colors,Men,1793760,2025-06-01-20:07:06
T-shirt 56,https://picsum.photos/280/350?random=56,⭐ 3.8 / 5,S,3 Colors,Women,4643040,2025-06-01-20:07:06
Hoodie 57,https://picsum.photos/280/350?random=57,⭐ 4.9 / 5,M,3 Colors,Unisex,3155360,2025-06-01-20:07:06
Pants 58,https://picsum.photos/280/350?random=58,⭐ 4.4 / 5,L,3 Colors,Men,1637760,2025-06-01-20:07:06
Outerwear 59,https://picsum.photos/280/350?random=59,⭐ 4.6 / 5,XL,3 Colors,Women,2254240,2025-06-01-20:07:06
Jacket 60,https://picsum.photos/280/350?random=60,⭐ 4.2 / 5,XXL,3 Colors,Unisex,3375520,2025-06-01-20:07:06
T-shirt 62,https://picsum.photos/280/350?random=62,⭐ 3.8 / 5,M,3 Colors,Women,1376480,2025-06-01-20:07:08
Hoodie 63,https://picsum.photos/280/350?random=63,⭐ 3.6 / 5,L,3 Colors,Unisex,6479200,2025-06-01-20:07:08
Pants 64,https://picsum.photos/280/350?random=64,⭐ 4.0 / 5,XL,3 Colors,Men,7728480,2025-06-01-20:07:08
Outerwear 65,https://picsum.photos/280/350?random=65,⭐ 4.1 / 5,XXL,3 Colors,Women,2385920,2025-06-01-20:07:08
Jacket 66,https://picsum.photos/280/350?random=66,⭐ 3.5 / 5,S,3 Colors,Unisex,4353120,2025-06-01-20:07:08
Crewneck 67,https://picsum.photos/280/350?random=67,⭐ 3.5 / 5,M,3 Colors,Men,8470720,2025-06-01-20:07:08
T-shirt 68,https://picsum.photos/280/350?random=68,⭐ 4.0 / 5,L,3 Colors,Women,8025280,2025-06-01-20:07:08
Hoodie 69,https://picsum.photos/280/350?random=69,⭐ 3.6 / 5,XL,3 Colors,Unisex,1027839,2025-06-01-20:07:08
Pants 70,https://picsum.photos/280/350?random=70,⭐ 4.4 / 5,XXL,3 Colors,Men,1171360,2025-06-01-20:07:08
Jacket 72,https://picsum.photos/280/350?random=72,⭐ 4.4 / 5,M,3 Colors,Unisex,3776000,2025-06-01-20:07:08
Crewneck 73,https://picsum.photos/280/350?random=73,⭐ 3.0 / 5,L,3 Colors,Men,2460320,2025-06-01-20:07:08
T-shirt 74,https://picsum.photos/280/350?random=74,⭐ 3.8 / 5,XL,3 Colors,Women,7704800,2025-06-01-20:07:08
Hoodie 75,https://picsum.photos/280/350?random=75,⭐ 4.3 / 5,XXL,3 Colors,Unisex,2101760,2025-06-01-20:07:08
Outerwear 77,https://picsum.photos/280/350?random=77,⭐ 3.7 / 5,M,3 Colors,Women,861760,2025-06-01-20:07:08
Jacket 78,https://picsum.photos/280/350?random=78,⭐ 4.3 / 5,L,3 Colors,Unisex,2716480,2025-06-01-20:07:08
Crewneck 79,https://picsum.photos/280/350?random=79,⭐ 4.6 / 5,XL,3 Colors,Men,3309600,2025-06-01-20:07:08
T-shirt 80,https://picsum.photos/280/350?random=80,⭐ 4.5 / 5,XXL,3 Colors,Women,4178399,2025-06-01-20:07:08
Pants 82,https://picsum.photos/280/350?random=82,⭐ 4.8 / 5,M,3 Colors,Men,8315520,2025-06-01-20:07:10
Outerwear 83,https://picsum.photos/280/350?random=83,⭐ 3.7 / 5,L,3 Colors,Women,3947840,2025-06-01-20:07:10
Jacket 84,https://picsum.photos/280/350?random=84,⭐ 4.8 / 5,XL,3 Colors,Unisex,2826080,2025-06-01-20:07:10
Crewneck 85,https://picsum.photos/280/350?random=85,⭐ 3.5 / 5,XXL,3 Colors,Men,4564160,2025-06-01-20:07:10
T-shirt 86,https://picsum.photos/280/350?random=86,⭐ 3.9 / 5,S,3 Colors,Women,1670880,2025-06-01-20:07:10
Hoodie 87,https://picsum.photos/280/350?random=87,⭐ 4.3 / 5,M,3 Colors,Unisex,7870240,2025-06-01-20:07:10
Pants 88,https://picsum.photos/280/350?random=88,⭐ 3.1 / 5,L,3 Colors,Men,7590400,2025-06-01-20:07:10
Outerwear 89,https://picsum.photos/280/350?random=89,⭐ 3.0 / 5,XL,3 Colors,Women,4856320,2025-06-01-20:07:10
Jacket 90,https://picsum.photos/280/350?random=90,⭐ 4.0 / 5,XXL,3 Colors,Unisex,7160000,2025-06-01-20:07:10
T-shirt 92,https://picsum.photos/280/350?random=92,⭐ 3.5 / 5,M,3 Colors,Women,5012320,2025-06-01-20:07:10
Hoodie 93,https://picsum.photos/280/350?random=93,⭐ 3.6 / 5,L,3 Colors,Unisex,1365280,2025-06-01-20:07:10
Pants 94,https://picsum.photos/280/350?random=94,⭐ 4.3 / 5,XL,3 Colors,Men,1074880,2025-06-01-20:07:10
Outerwear 95,https://picsum.photos/280/350?random=95,⭐ 3.5 / 5,XXL,3 Colors,Women,6062240,2025-06-01-20:07:10
Jacket 96,https://picsum.photos/280/350?random=96,⭐ 4.9 / 5,S,3 Colors,Unisex,4598240,2025-06-01-20:07:10
Crewneck 97,https://picsum.photos/280/350?random=97,⭐ 3.9 / 5,M,3 Colors,Men,6113120,2025-06-01-20:07:10
T-shirt 98,https://picsum.photos/280/350?random=98,⭐ 3.1 / 5,L,3 Colors,Women,8596960,2025-06-01-20:07:10
Hoodie 99,https://picsum.photos/280/350?random=99,⭐ 3.6 / 5,XL,3 Colors,Unisex,5028000,2025-06-01-20:07:10
Pants 100,https://picsum.photos/280/350?random=100,⭐ 4.6 / 5,XXL,3 Colors,Men,2217280,2025-06-01-20:07:10
Jacket 102,https://picsum.photos/280/350?random=102,⭐ 3.3 / 5,M,3 Colors,Unisex,3840640,2025-06-01-20:07:12
Crewneck 103,https://picsum.photos/280/350?random=103,⭐ 3.5 / 5,L,3 Colors,Men,2331680,2025-06-01-20:07:12
T-shirt 104,https://picsum.photos/280/350?random=104,⭐ 3.8 / 5,XL,3 Colors,Women,2374400,2025-06-01-20:07:12
Hoodie 105,https://picsum.photos/280/350?random=105,⭐ 4.2 / 5,XXL,3 Colors,Unisex,5019840,2025-06-01-20:07:12
Outerwear 107,https://picsum.photos/280/350?random=107,⭐ 4.0 / 5,M,3 Colors,Women,6625120,2025-06-01-20:07:12
Jacket 108,https://picsum.photos/280/350?random=108,⭐ 4.8 / 5,L,3 Colors,Unisex,5551680,2025-06-01-20:07:12
Crewneck 109,https://picsum.photos/280/350?random=109,⭐ 3.3 / 5,XL,3 Colors,Men,5886880,2025-06-01-20:07:12
T-shirt 110,https://picsum.photos/280/350?random=110,⭐ 4.6 / 5,XXL,3 Colors,Women,7197120,2025-06-01-20:07:12
Pants 112,https://picsum.photos/280/350?random=112,⭐ 3.3 / 5,M,3 Colors,Men,4261920,2025-06-01-20:07:12
Outerwear 113,https://picsum.photos/280/350?random=113,⭐ 3.7 / 5,L,3 Colors,Women,4472000,2025-06-01-20:07:12
Jacket 114,https://picsum.photos/280/350?random=114,⭐ 4.9 / 5,XL,3 Colors,Unisex,5386560,2025-06-01-20:07:12
Crewneck 115,https://picsum.photos/280/350?random=115,⭐ 4.5 / 5,XXL,3 Colors,Men,1933280,2025-06-01-20:07:12
T-shirt 116,https://picsum.photos/280/350?random=116,⭐ 3.0 / 5,S,3 Colors,Women,3474560,2025-06-01-20:07:12
Hoodie 117,https://picsum.photos/280/350?random=117,⭐ 5.0 / 5,M,3 Colors,Unisex,3376320,2025-06-01-20:07:12
Pants 118,https://picsum.photos/280/350?random=118,⭐ 3.2 / 5,L,3 Colors,Men,5585440,2025-06-01-20:07:12
Outerwear 119,https://picsum.photos/280/350?random=119,⭐ 3.4 / 5,XL,3 Colors,Women,3561760,2025-06-01-20:07:12
Jacket 120,https://picsum.photos/280/350?random=120,⭐ 4.0 / 5,XXL,3 Colors,Unisex,7480320,2025-06-01-20:07:12
T-shirt 122,https://picsum.photos/280/350?random=122,⭐ 3.6 / 5,M,3 Colors,Women,1961920,2025-06-01-20:07:14
Hoodie 123,https://picsum.photos/280/350?random=123,⭐ 3.8 / 5,L,3 Colors,Unisex,4498080,2025-06-01-20:07:14
Pants 124,https://picsum.photos/280/350?random=124,⭐ 3.2 / 5,XL,3 Colors,Men,7023520,2025-06-01-20:07:14
Outerwear 125,https://picsum.photos/280/350?random=125,⭐ 4.2 / 5,XXL,3 Colors,Women,6998240,2025-06-01-20:07:14
Jacket 126,https://picsum.photos/280/350?random=126,⭐ 3.9 / 5,S,3 Colors,Unisex,4426080,2025-06-01-20:07:14
Crewneck 127,https://picsum.photos/280/350?random=127,⭐ 4.0 / 5,M,3 Colors,Men,8311680,2025-06-01-20:07:14
T-shirt 128,https://picsum.photos/280/350?random=128,⭐ 3.8 / 5,L,3 Colors,Women,4466720,2025-06-01-20:07:14
Hoodie 129,https://picsum.photos/280/350?random=129,⭐ 4.5 / 5,XL,3 Colors,Unisex,2532480,2025-06-01-20:07:14
Pants 130,https://picsum.photos/280/350?random=130,⭐ 4.8 / 5,XXL,3 Colors,Men,6603520,2025-06-01-20:07:14
Jacket 132,https://picsum.photos/280/350?random=132,⭐ 4.2 / 5,M,3 Colors,Unisex,6474880,2025-06-01-20:07:14
Crewneck 133,https://picsum.photos/280/350?random=133,⭐ 4.7 / 5,L,3 Colors,Men,2016320,2025-06-01-20:07:14
T-shirt 134,https://picsum.photos/280/350?random=134,⭐ 3.2 / 5,XL,3 Colors,Women,5937440,2025-06-01-20:07:14
Hoodie 135,https://picsum.photos/280/350?random=135,⭐ 4.7 / 5,XXL,3 Colors,Unisex,5141440,2025-06-01-20:07:14
Outerwear 137,https://picsum.photos/280/350?random=137,⭐ 4.5 / 5,M,3 Colors,Women,6988320,2025-06-01-20:07:14
Jacket 138,https://picsum.photos/280/350?random=138,⭐ 3.4 / 5,L,3 Colors,Unisex,4635520,2025-06-01-20:07:14
Crewneck 139,https://picsum.photos/280/350?random=139,⭐ 4.5 / 5,XL,3 Colors,Men,8053120,2025-06-01-20:07:14
T-shirt 140,https://picsum.photos/280/350?random=140,⭐ 3.5 / 5,XXL,3 Colors,Women,6811040,2025-06-01-20:07:14
Pants 142,https://picsum.photos/280/350?random=142,⭐ 4.9 / 5,M,3 Colors,Men,2325280,2025-06-01-20:07:16
Outerwear 143,https://picsum.photos/280/350?random=143,⭐ 4.9 / 5,L,3 Colors,Women,3346560,2025-06-01-20:07:16
Jacket 144,https://picsum.photos/280/350?random=144,⭐ 4.3 / 5,XL,3 Colors,Unisex,5758240,2025-06-01-20:07:16
Crewneck 145,https://picsum.photos/280/350?random=145,⭐ 4.8 / 5,XXL,3 Colors,Men,3472800,2025-06-01-20:07:16
T-shirt 146,https://picsum.photos/280/350?random=146,⭐ 4.3 / 5,S,3 Colors,Women,7688640,2025-06-01-20:07:16
Hoodie 147,https://picsum.photos/280/350?random=147,⭐ 5.0 / 5,M,3 Colors,Unisex,3052800,2025-06-01-20:07:16
Pants 148,https://picsum.photos/280/350?random=148,⭐ 4.7 / 5,L,3 Colors,Men,6033440,2025-06-01-20:07:16
Outerwear 149,https://picsum.photos/280/350?random=149,⭐ 3.2 / 5,XL,3 Colors,Women,3105920,2025-06-01-20:07:16
Jacket 150,https://picsum.photos/280/350?random=150,⭐ 3.6 / 5,XXL,3 Colors,Unisex,1500640,2025-06-01-20:07:16
T-shirt 152,https://picsum.photos/280/350?random=152,⭐ 4.2 / 5,M,3 Colors,Women,6288640,2025-06-01-20:07:16
Hoodie 153,https://picsum.photos/280/350?random=153,⭐ 4.3 / 5,L,3 Colors,Unisex,2660640,2025-06-01-20:07:16
Pants 154,https://picsum.photos/280/350?random=154,⭐ 3.0 / 5,XL,3 Colors,Men,2337440,2025-06-01-20:07:16
Outerwear 155,https://picsum.photos/280/350?random=155,⭐ 4.1 / 5,XXL,3 Colors,Women,3783200,2025-06-01-20:07:16
Jacket 156,https://picsum.photos/280/350?random=156,⭐ 3.6 / 5,S,3 Colors,Unisex,6645120,2025-06-01-20:07:16
Crewneck 157,https://picsum.photos/280/350?random=157,⭐ 4.0 / 5,M,3 Colors,Men,1105760,2025-06-01-20:07:16
T-shirt 158,https://picsum.photos/280/350?random=158,⭐ 4.0 / 5,L,3 Colors,Women,7321120,2025-06-01-20:07:16
Hoodie 159,https://picsum.photos/280/350?random=159,⭐ 4.9 / 5,XL,3 Colors,Unisex,2371680,2025-06-01-20:07:16
Pants 160,https://picsum.photos/280/350?random=160,⭐ 3.4 / 5,XXL,3 Colors,Men,2802880,2025-06-01-20:07:16
Jacket 162,https://picsum.photos/280/350?random=162,⭐ 4.5 / 5,M,3 Colors,Unisex,1543840,2025-06-01-20:07:19
Crewneck 163,https://picsum.photos/280/350?random=163,⭐ 4.4 / 5,L,3 Colors,Men,7861920,2025-06-01-20:07:19
T-shirt 164,https://picsum.photos/280/350?random=164,⭐ 3.9 / 5,XL,3 Colors,Women,3512000,2025-06-01-20:07:19
Hoodie 165,https://picsum.photos/280/350?random=165,⭐ 4.9 / 5,XXL,3 Colors,Unisex,6921280,2025-06-01-20:07:19
Outerwear 167,https://picsum.photos/280/350?random=167,⭐ 3.1 / 5,M,3 Colors,Women,3273760,2025-06-01-20:07:19
Jacket 168,https://picsum.photos/280/350?random=168,⭐ 4.4 / 5,L,3 Colors,Unisex,870400,2025-06-01-20:07:19
Crewneck 169,https://picsum.photos/280/350?random=169,⭐ 4.7 / 5,XL,3 Colors,Men,8032800,2025-06-01-20:07:19
T-shirt 170,https://picsum.photos/280/350?random=170,⭐ 4.5 / 5,XXL,3 Colors,Women,6677920,2025-06-01-20:07:19
Pants 172,https://picsum.photos/280/350?random=172,⭐ 4.9 / 5,M,3 Colors,Men,1566080,2025-06-01-20:07:19
Outerwear 173,https://picsum.photos/280/350?random=173,⭐ 4.6 / 5,L,3 Colors,Women,7034560,2025-06-01-20:07:19
Jacket 174,https://picsum.photos/280/350?random=174,⭐ 3.3 / 5,XL,3 Colors,Unisex,6282240,2025-06-01-20:07:19
Crewneck 175,https://picsum.photos/280/350?random=175,⭐ 4.5 / 5,XXL,3 Colors,Men,8125120,2025-06-01-20:07:19
T-shirt 176,https://picsum.photos/280/350?random=176,⭐ 3.6 / 5,S,3 Colors,Women,6104320,2025-06-01-20:07:19
Hoodie 177,https://picsum.photos/280/350?random=177,⭐ 4.6 / 5,M,3 Colors,Unisex,1890400,2025-06-01-20:07:19
Pants 178,https://picsum.photos/280/350?random=178,⭐ 3.0 / 5,L,3 Colors,Men,6184160,2025-06-01-20:07:19
Outerwear 179,https://picsum.photos/280/350?random=179,⭐ 3.5 / 5,XL,3 Colors,Women,5816640,2025-06-01-20:07:19
Jacket 180,https://picsum.photos/280/350?random=180,⭐ 3.9 / 5,XXL,3 Colors,Unisex,5552640,2025-06-01-20:07:19
T-shirt 182,https://picsum.photos/280/350?random=182,⭐ 3.8 / 5,M,3 Colors,Women,2334880,2025-06-01-20:07:21
Hoodie 183,https://picsum.photos/280/350?random=183,⭐ 3.6 / 5,L,3 Colors,Unisex,3904640,2025-06-01-20:07:21
Pants 184,https://picsum.photos/280/350?random=184,⭐ 4.5 / 5,XL,3 Colors,Men,7759520,2025-06-01-20:07:21
Outerwear 185,https://picsum.photos/280/350?random=185,⭐ 3.2 / 5,XXL,3 Colors,Women,7822880,2025-06-01-20:07:21
Jacket 186,https://picsum.photos/280/350?random=186,⭐ 4.2 / 5,S,3 Colors,Unisex,6940480,2025-06-01-20:07:21
Crewneck 187,https://picsum.photos/280/350?random=187,⭐ 3.8 / 5,M,3 Colors,Men,6663520,2025-06-01-20:07:21
T-shirt 188,https://picsum.photos/280/350?random=188,⭐ 4.4 / 5,L,3 Colors,Women,3927840,2025-06-01-20:07:21
Hoodie 189,https://picsum.photos/280/350?random=189,⭐ 4.0 / 5,XL,3 Colors,Unisex,1946720,2025-06-01-20:07:21
Pants 190,https://picsum.photos/280/350?random=190,⭐ 4.5 / 5,XXL,3 Colors,Men,2220960,2025-06-01-20:07:21
Jacket 192,https://picsum.photos/280/350?random=192,⭐ 3.8 / 5,M,3 Colors,Unisex,5066240,2025-06-01-20:07:21
Crewneck 193,https://picsum.photos/280/350?random=193,⭐ 4.1 / 5,L,3 Colors,Men,7355680,2025-06-01-20:07:21
T-shirt 194,https://picsum.photos/280/350?random=194,⭐ 4.9 / 5,XL,3 Colors,Women,2818720,2025-06-01-20:07:21
Hoodie 195,https://picsum.photos/280/350?random=195,⭐ 4.9 / 5,XXL,3 Colors,Unisex,7208960,2025-06-01-20:07:21
Outerwear 197,https://picsum.photos/280/350?random=197,⭐ 4.9 / 5,M,3 Colors,Women,5681600,2025-06-01-20:07:21
Jacket 198,https://picsum.photos/280/350?random=198,⭐ 4.5 / 5,L,3 Colors,Unisex,5435040,2025-06-01-20:07:21
Crewneck 199,https://picsum.photos/280/350?random=199,⭐ 3.1 / 5,XL,3 Colors,Men,6744320,2025-06-01-20:07:21
T-shirt 200,https://picsum.photos/280/350?random=200,⭐ 3.5 / 5,XXL,3 Colors,Women,6289920,2025-06-01-20:07:21
Pants 202,https://picsum.photos/280/350?random=202,⭐ 3.3 / 5,M,3 Colors,Men,5592480,2025-06-01-20:07:23
Outerwear 203,https://picsum.photos/280/350?random=203,⭐ 3.4 / 5,L,3 Colors,Women,2144000,2025-06-01-20:07:23
Jacket 204,https://picsum.photos/280/350?random=204,⭐ 3.9 / 5,XL,3 Colors,Unisex,6031040,2025-06-01-20:07:23
Crewneck 205,https://picsum.photos/280/350?random=205,⭐ 3.2 / 5,XXL,3 Colors,Men,6434880,2025-06-01-20:07:23
T-shirt 206,https://picsum.photos/280/350?random=206,⭐ 4.5 / 5,S,3 Colors,Women,4674720,2025-06-01-20:07:23
Hoodie 207,https://picsum.photos/280/350?random=207,⭐ 3.5 / 5,M,3 Colors,Unisex,6101440,2025-06-01-20:07:23
Pants 208,https://picsum.photos/280/350?random=208,⭐ 3.1 / 5,L,3 Colors,Men,4637600,2025-06-01-20:07:23
Outerwear 209,https://picsum.photos/280/350?random=209,⭐ 4.3 / 5,XL,3 Colors,Women,7980640,2025-06-01-20:07:23
Jacket 210,https://picsum.photos/280/350?random=210,⭐ 4.7 / 5,XXL,3 Colors,Unisex,7827360,2025-06-01-20:07:23
T-shirt 212,https://picsum.photos/280/350?random=212,⭐ 4.7 / 5,M,3 Colors,Women,8794880,2025-06-01-20:07:23
Hoodie 213,https://picsum.photos/280/350?random=213,⭐ 3.6 / 5,L,3 Colors,Unisex,5748000,2025-06-01-20:07:23
Pants 214,https://picsum.photos/280/350?random=214,⭐ 4.9 / 5,XL,3 Colors,Men,4315680,2025-06-01-20:07:23
Outerwear 215,https://picsum.photos/280/350?random=215,⭐ 3.8 / 5,XXL,3 Colors,Women,1449600,2025-06-01-20:07:23
Jacket 216,https://picsum.photos/280/350?random=216,⭐ 4.6 / 5,S,3 Colors,Unisex,4576480,2025-06-01-20:07:23
Crewneck 217,https://picsum.photos/280/350?random=217,⭐ 4.8 / 5,M,3 Colors,Men,5772960,2025-06-01-20:07:23
T-shirt 218,https://picsum.photos/280/350?random=218,⭐ 3.1 / 5,L,3 Colors,Women,5600320,2025-06-01-20:07:23
Hoodie 219,https://picsum.photos/280/350?random=219,⭐ 4.6 / 5,XL,3 Colors,Unisex,5671040,2025-06-01-20:07:23
Pants 220,https://picsum.photos/280/350?random=220,⭐ 3.2 / 5,XXL,3 Colors,Men,3357600,2025-06-01-20:07:23
Jacket 222,https://picsum.photos/280/350?random=222,⭐ 3.4 / 5,M,3 Colors,Unisex,7438080,2025-06-01-20:07:25
Crewneck 223,https://picsum.photos/280/350?random=223,⭐ 4.8 / 5,L,3 Colors,Men,952960,2025-06-01-20:07:25
T-shirt 224,https://picsum.photos/280/350?random=224,⭐ 4.5 / 5,XL,3 Colors,Women,3534560,2025-06-01-20:07:25
Hoodie 225,https://picsum.photos/280/350?random=225,⭐ 3.5 / 5,XXL,3 Colors,Unisex,5232800,2025-06-01-20:07:25
Outerwear 227,https://picsum.photos/280/350?random=227,⭐ 4.8 / 5,M,3 Colors,Women,6742560,2025-06-01-20:07:25
Jacket 228,https://picsum.photos/280/350?random=228,⭐ 4.5 / 5,L,3 Colors,Unisex,8076800,2025-06-01-20:07:25
Crewneck 229,https://picsum.photos/280/350?random=229,⭐ 4.9 / 5,XL,3 Colors,Men,3101920,2025-06-01-20:07:25
T-shirt 230,https://picsum.photos/280/350?random=230,⭐ 4.5 / 5,XXL,3 Colors,Women,7133280,2025-06-01-20:07:25
Pants 232,https://picsum.photos/280/350?random=232,⭐ 4.0 / 5,M,3 Colors,Men,8327360,2025-06-01-20:07:25
Outerwear 233,https://picsum.photos/280/350?random=233,⭐ 4.8 / 5,L,3 Colors,Women,847360,2025-06-01-20:07:25
Jacket 234,https://picsum.photos/280/350?random=234,⭐ 4.5 / 5,XL,3 Colors,Unisex,1159200,2025-06-01-20:07:25
Crewneck 235,https://picsum.photos/280/350?random=235,⭐ 3.4 / 5,XXL,3 Colors,Men,6560320,2025-06-01-20:07:25
T-shirt 236,https://picsum.photos/280/350?random=236,⭐ 3.9 / 5,S,3 Colors,Women,5492320,2025-06-01-20:07:25
Hoodie 237,https://picsum.photos/280/350?random=237,⭐ 3.1 / 5,M,3 Colors,Unisex,4743520,2025-06-01-20:07:25
Pants 238,https://picsum.photos/280/350?random=238,⭐ 3.8 / 5,L,3 Colors,Men,8301920,2025-06-01-20:07:25
Outerwear 239,https://picsum.photos/280/350?random=239,⭐ 3.1 / 5,XL,3 Colors,Women,7934080,2025-06-01-20:07:25
Jacket 240,https://picsum.photos/280/350?random=240,⭐ 3.8 / 5,XXL,3 Colors,Unisex,7600000,2025-06-01-20:07:25
T-shirt 242,https://picsum.photos/280/350?random=242,⭐ 3.4 / 5,M,3 Colors,Women,4833600,2025-06-01-20:07:27
Hoodie 243,https://picsum.photos/280/350?random=243,⭐ 3.1 / 5,L,3 Colors,Unisex,3371680,2025-06-01-20:07:27
Pants 244,https://picsum.photos/280/350?random=244,⭐ 3.1 / 5,XL,3 Colors,Men,8116160,2025-06-01-20:07:27
Outerwear 245,https://picsum.photos/280/350?random=245,⭐ 4.0 / 5,XXL,3 Colors,Women,1451680,2025-06-01-20:07:27
Jacket 246,https://picsum.photos/280/350?random=246,⭐ 3.1 / 5,S,3 Colors,Unisex,8735040,2025-06-01-20:07:27
Crewneck 247,https://picsum.photos/280/350?random=247,⭐ 3.0 / 5,M,3 Colors,Men,8769120,2025-06-01-20:07:27
T-shirt 248,https://picsum.photos/280/350?random=248,⭐ 4.5 / 5,L,3 Colors,Women,2280000,2025-06-01-20:07:27
Hoodie 249,https://picsum.photos/280/350?random=249,⭐ 4.2 / 5,XL,3 Colors,Unisex,2149440,2025-06-01-20:07:27
Pants 250,https://picsum.photos/280/350?random=250,⭐ 3.1 / 5,XXL,3 Colors,Men,4314240,2025-06-01-20:07:27
Jacket 252,https://picsum.photos/280/350?random=252,⭐ 3.2 / 5,M,3 Colors,Unisex,8408480,2025-06-01-20:07:27
Crewneck 253,https://picsum.photos/280/350?random=253,⭐ 3.9 / 5,L,3 Colors,Men,1854720,2025-06-01-20:07:27
T-shirt 254,https://picsum.photos/280/350?random=254,⭐ 3.9 / 5,XL,3 Colors,Women,5984160,2025-06-01-20:07:27
Hoodie 255,https://picsum.photos/280/350?random=255,⭐ 4.1 / 5,XXL,3 Colors,Unisex,3668000,2025-06-01-20:07:27
Outerwear 257,https://picsum.photos/280/350?random=257,⭐ 5.0 / 5,M,3 Colors,Women,7073120,2025-06-01-20:07:27
Jacket 258,https://picsum.photos/280/350?random=258,⭐ 4.7 / 5,L,3 Colors,Unisex,2080639,2025-06-01-20:07:27
Crewneck 259,https://picsum.photos/280/350?random=259,⭐ 3.3 / 5,XL,3 Colors,Men,2275520,2025-06-01-20:07:27
T-shirt 260,https://picsum.photos/280/350?random=260,⭐ 3.5 / 5,XXL,3 Colors,Women,6271520,2025-06-01-20:07:27
Pants 262,https://picsum.photos/280/350?random=262,⭐ 3.4 / 5,M,3 Colors,Men,1097760,2025-06-01-20:07:29
Outerwear 263,https://picsum.photos/280/350?random=263,⭐ 4.2 / 5,L,3 Colors,Women,1878400,2025-06-01-20:07:29
Jacket 264,https://picsum.photos/280/350?random=264,⭐ 4.8 / 5,XL,3 Colors,Unisex,2063040,2025-06-01-20:07:29
Crewneck 265,https://picsum.photos/280/350?random=265,⭐ 3.5 / 5,XXL,3 Colors,Men,2483040,2025-06-01-20:07:29
T-shirt 266,https://picsum.photos/280/350?random=266,⭐ 4.6 / 5,S,3 Colors,Women,4842080,2025-06-01-20:07:29
Hoodie 267,https://picsum.photos/280/350?random=267,⭐ 4.3 / 5,M,3 Colors,Unisex,4086240,2025-06-01-20:07:29
Pants 268,https://picsum.photos/280/350?random=268,⭐ 3.6 / 5,L,3 Colors,Men,5005120,2025-06-01-20:07:29
Outerwear 269,https://picsum.photos/280/350?random=269,⭐ 3.1 / 5,XL,3 Colors,Women,8073920,2025-06-01-20:07:29
Jacket 270,https://picsum.photos/280/350?random=270,⭐ 4.2 / 5,XXL,3 Colors,Unisex,2569120,2025-06-01-20:07:29
T-shirt 272,https://picsum.photos/280/350?random=272,⭐ 3.3 / 5,M,3 Colors,Women,5811840,2025-06-01-20:07:29
Hoodie 273,https://picsum.photos/280/350?random=273,⭐ 4.9 / 5,L,3 Colors,Unisex,5291360,2025-06-01-20:07:29
Pants 274,https://picsum.photos/280/350?random=274,⭐ 4.2 / 5,XL,3 Colors,Men,3669280,2025-06-01-20:07:29
Outerwear 275,https://picsum.photos/280/350?random=275,⭐ 4.8 / 5,XXL,3 Colors,Women,5575360,2025-06-01-20:07:29
Jacket 276,https://picsum.photos/280/350?random=276,⭐ 4.3 / 5,S,3 Colors,Unisex,1013600,2025-06-01-20:07:29
Crewneck 277,https://picsum.photos/280/350?random=277,⭐ 4.7 / 5,M,3 Colors,Men,2383680,2025-06-01-20:07:29
T-shirt 278,https://picsum.photos/280/350?random=278,⭐ 3.8 / 5,L,3 Colors,Women,2087360,2025-06-01-20:07:29
Hoodie 279,https://picsum.photos/280/350?random=279,⭐ 4.7 / 5,XL,3 Colors,Unisex,5592320,2025-06-01-20:07:29
Pants 280,https://picsum.photos/280/350?random=280,⭐ 3.9 / 5,XXL,3 Colors,Men,7501440,2025-06-01-20:07:29
Jacket 282,https://picsum.photos/280/350?random=282,⭐ 3.0 / 5,M,3 Colors,Unisex,2227040,2025-06-01-20:07:31
Crewneck 283,https://picsum.photos/280/350?random=283,⭐ 3.2 / 5,L,3 Colors,Men,6633120,2025-06-01-20:07:31
T-shirt 284,https://picsum.photos/280/350?random=284,⭐ 3.6 / 5,XL,3 Colors,Women,6568000,2025-06-01-20:07:31
Hoodie 285,https://picsum.photos/280/350?random=285,⭐ 3.2 / 5,XXL,3 Colors,Unisex,3009120,2025-06-01-20:07:31
Outerwear 287,https://picsum.photos/280/350?random=287,⭐ 3.7 / 5,M,3 Colors,Women,5273600,2025-06-01-20:07:31
Jacket 288,https://picsum.photos/280/350?random=288,⭐ 4.1 / 5,L,3 Colors,Unisex,3123040,2025-06-01-20:07:31
Crewneck 289,https://picsum.photos/280/350?random=289,⭐ 4.0 / 5,XL,3 Colors,Men,888000,2025-06-01-20:07:31
T-shirt 290,https://picsum.photos/280/350?random=290,⭐ 4.2 / 5,XXL,3 Colors,Women,6425120,2025-06-01-20:07:31
Pants 292,https://picsum.photos/280/350?random=292,⭐ 3.9 / 5,M,3 Colors,Men,2384480,2025-06-01-20:07:31
Outerwear 293,https://picsum.photos/280/350?random=293,⭐ 4.5 / 5,L,3 Colors,Women,1176160,2025-06-01-20:07:31
Jacket 294,https://picsum.photos/280/350?random=294,⭐ 3.8 / 5,XL,3 Colors,Unisex,5947200,2025-06-01-20:07:31
Crewneck 295,https://picsum.photos/280/350?random=295,⭐ 4.9 / 5,XXL,3 Colors,Men,7266720,2025-06-01-20:07:31
T-shirt 296,https://picsum.photos/280/350?random=296,⭐ 3.1 / 5,S,3 Colors,Women,1172160,2025-06-01-20:07:31
Hoodie 297,https://picsum.photos/280/350?random=297,⭐ 3.6 / 5,M,3 Colors,Unisex,7801120,2025-06-01-20:07:31
Pants 298,https://picsum.photos/280/350?random=298,⭐ 4.8 / 5,L,3 Colors,Men,2426080,2025-06-01-20:07:31
Outerwear 299,https://picsum.photos/280/350?random=299,⭐ 4.3 / 5,XL,3 Colors,Women,1947840,2025-06-01-20:07:31
Jacket 300,https://picsum.photos/280/350?random=300,⭐ 4.0 / 5,XXL,3 Colors,Unisex,6408480,2025-06-01-20:07:31
T-shirt 302,https://picsum.photos/280/350?random=302,⭐ 3.2 / 5,M,3 Colors,Women,5711200,2025-06-01-20:07:34
Hoodie 303,https://picsum.photos/280/350?random=303,⭐ 4.1 / 5,L,3 Colors,Unisex,7974560,2025-06-01-20:07:34
Pants 304,https://picsum.photos/280/350?random=304,⭐ 3.4 / 5,XL,3 Colors,Men,7129760,2025-06-01-20:07:34
Outerwear 305,https://picsum.photos/280/350?random=305,⭐ 4.5 / 5,XXL,3 Colors,Women,6325440,2025-06-01-20:07:34
Jacket 306,https://picsum.photos/280/350?random=306,⭐ 4.2 / 5,S,3 Colors,Unisex,7575040,2025-06-01-20:07:34
Crewneck 307,https://picsum.photos/280/350?random=307,⭐ 3.7 / 5,M,3 Colors,Men,7735200,2025-06-01-20:07:34
T-shirt 308,https://picsum.photos/280/350?random=308,⭐ 4.1 / 5,L,3 Colors,Women,4086080,2025-06-01-20:07:34
Hoodie 309,https://picsum.photos/280/350?random=309,⭐ 4.8 / 5,XL,3 Colors,Unisex,3953120,2025-06-01-20:07:34
Pants 310,https://picsum.photos/280/350?random=310,⭐ 4.7 / 5,XXL,3 Colors,Men,6329280,2025-06-01-20:07:34
Jacket 312,https://picsum.photos/280/350?random=312,⭐ 3.8 / 5,M,3 Colors,Unisex,7267040,2025-06-01-20:07:34
Crewneck 313,https://picsum.photos/280/350?random=313,⭐ 3.1 / 5,L,3 Colors,Men,1948320,2025-06-01-20:07:34
T-shirt 314,https://picsum.photos/280/350?random=314,⭐ 3.2 / 5,XL,3 Colors,Women,6017120,2025-06-01-20:07:34
Hoodie 315,https://picsum.photos/280/350?random=315,⭐ 3.1 / 5,XXL,3 Colors,Unisex,7022880,2025-06-01-20:07:34
Outerwear 317,https://picsum.photos/280/350?random=317,⭐ 3.3 / 5,M,3 Colors,Women,5259040,2025-06-01-20:07:34
Jacket 318,https://picsum.photos/280/350?random=318,⭐ 3.7 / 5,L,3 Colors,Unisex,5667200,2025-06-01-20:07:34
Crewneck 319,https://picsum.photos/280/350?random=319,⭐ 3.3 / 5,XL,3 Colors,Men,3085920,2025-06-01-20:07:34
T-shirt 320,https://picsum.photos/280/350?random=320,⭐ 3.3 / 5,XXL,3 Colors,Women,829440,2025-06-01-20:07:34
Pants 322,https://picsum.photos/280/350?random=322,⭐ 3.2 / 5,M,3 Colors,Men,7810400,2025-06-01-20:07:36
Outerwear 323,https://picsum.photos/280/350?random=323,⭐ 3.1 / 5,L,3 Colors,Women,8468000,2025-06-01-20:07:36
Jacket 324,https://picsum.photos/280/350?random=324,⭐ 3.3 / 5,XL,3 Colors,Unisex,6082720,2025-06-01-20:07:36
Crewneck 325,https://picsum.photos/280/350?random=325,⭐ 3.4 / 5,XXL,3 Colors,Men,3001760,2025-06-01-20:07:36
T-shirt 326,https://picsum.photos/280/350?random=326,⭐ 4.9 / 5,S,3 Colors,Women,4519360,2025-06-01-20:07:36
Hoodie 327,https://picsum.photos/280/350?random=327,⭐ 4.4 / 5,M,3 Colors,Unisex,6641440,2025-06-01-20:07:36
Pants 328,https://picsum.photos/280/350?random=328,⭐ 4.5 / 5,L,3 Colors,Men,5732960,2025-06-01-20:07:36
Outerwear 329,https://picsum.photos/280/350?random=329,⭐ 4.7 / 5,XL,3 Colors,Women,6724160,2025-06-01-20:07:36
Jacket 330,https://picsum.photos/280/350?random=330,⭐ 4.3 / 5,XXL,3 Colors,Unisex,1591200,2025-06-01-20:07:36
T-shirt 332,https://picsum.photos/280/350?random=332,⭐ 3.4 / 5,M,3 Colors,Women,2335680,2025-06-01-20:07:36
Hoodie 333,https://picsum.photos/280/350?random=333,⭐ 4.8 / 5,L,3 Colors,Unisex,1746080,2025-06-01-20:07:36
Pants 334,https://picsum.photos/280/350?random=334,⭐ 3.8 / 5,XL,3 Colors,Men,2409440,2025-06-01-20:07:36
Outerwear 335,https://picsum.photos/280/350?random=335,⭐ 3.0 / 5,XXL,3 Colors,Women,2826720,2025-06-01-20:07:36
Jacket 336,https://picsum.photos/280/350?random=336,⭐ 5.0 / 5,S,3 Colors,Unisex,6237760,2025-06-01-20:07:36
Crewneck 337,https://picsum.photos/280/350?random=337,⭐ 4.3 / 5,M,3 Colors,Men,8608800,2025-06-01-20:07:36
T-shirt 338,https://picsum.photos/280/350?random=338,⭐ 3.9 / 5,L,3 Colors,Women,2883360,2025-06-01-20:07:36
Hoodie 339,https://picsum.photos/280/350?random=339,⭐ 4.9 / 5,XL,3 Colors,Unisex,4424800,2025-06-01-20:07:36
Pants 340,https://picsum.photos/280/350?random=340,⭐ 4.3 / 5,XXL,3 Colors,Men,5975200,2025-06-01-20:07:36
Jacket 342,https://picsum.photos/280/350?random=342,⭐ 4.8 / 5,M,3 Colors,Unisex,1827680,2025-06-01-20:07:38
Crewneck 343,https://picsum.photos/280/350?random=343,⭐ 4.1 / 5,L,3 Colors,Men,2279040,2025-06-01-20:07:38
T-shirt 344,https://picsum.photos/280/350?random=344,⭐ 4.5 / 5,XL,3 Colors,Women,3415680,2025-06-01-20:07:38
Hoodie 345,https://picsum.photos/280/350?random=345,⭐ 3.3 / 5,XXL,3 Colors,Unisex,7577440,2025-06-01-20:07:38
Outerwear 347,https://picsum.photos/280/350?random=347,⭐ 4.7 / 5,M,3 Colors,Women,6986080,2025-06-01-20:07:38
Jacket 348,https://picsum.photos/280/350?random=348,⭐ 4.6 / 5,L,3 Colors,Unisex,3195040,2025-06-01-20:07:38
Crewneck 349,https://picsum.photos/280/350?random=349,⭐ 3.5 / 5,XL,3 Colors,Men,6085600,2025-06-01-20:07:38
T-shirt 350,https://picsum.photos/280/350?random=350,⭐ 5.0 / 5,XXL,3 Colors,Women,8047680,2025-06-01-20:07:38
Pants 352,https://picsum.photos/280/350?random=352,⭐ 4.0 / 5,M,3 Colors,Men,2838880,2025-06-01-20:07:38
Outerwear 353,https://picsum.photos/280/350?random=353,⭐ 3.6 / 5,L,3 Colors,Women,961600,2025-06-01-20:07:38
Jacket 354,https://picsum.photos/280/350?random=354,⭐ 3.8 / 5,XL,3 Colors,Unisex,2294720,2025-06-01-20:07:38
Crewneck 355,https://picsum.photos/280/350?random=355,⭐ 3.2 / 5,XXL,3 Colors,Men,4246560,2025-06-01-20:07:38
T-shirt 356,https://picsum.photos/280/350?random=356,⭐ 4.3 / 5,S,3 Colors,Women,7150080,2025-06-01-20:07:38
Hoodie 357,https://picsum.photos/280/350?random=357,⭐ 3.6 / 5,M,3 Colors,Unisex,3739360,2025-06-01-20:07:38
Pants 358,https://picsum.photos/280/350?random=358,⭐ 3.9 / 5,L,3 Colors,Men,8479520,2025-06-01-20:07:38
Outerwear 359,https://picsum.photos/280/350?random=359,⭐ 4.3 / 5,XL,3 Colors,Women,1696480,2025-06-01-20:07:38
Jacket 360,https://picsum.photos/280/350?random=360,⭐ 4.8 / 5,XXL,3 Colors,Unisex,8788320,2025-06-01-20:07:38
T-shirt 362,https://picsum.photos/280/350?random=362,⭐ 5.0 / 5,M,3 Colors,Women,4776800,2025-06-01-20:07:40
Hoodie 363,https://picsum.photos/280/350?random=363,⭐ 3.2 / 5,L,3 Colors,Unisex,1171360,2025-06-01-20:07:40
Pants 364,https://picsum.photos/280/350?random=364,⭐ 4.8 / 5,XL,3 Colors,Men,4972800,2025-06-01-20:07:40
Outerwear 365,https://picsum.photos/280/350?random=365,⭐ 4.5 / 5,XXL,3 Colors,Women,6956480,2025-06-01-20:07:40
Jacket 366,https://picsum.photos/280/350?random=366,⭐ 4.9 / 5,S,3 Colors,Unisex,5854880,2025-06-01-20:07:40
Crewneck 367,https://picsum.photos/280/350?random=367,⭐ 4.9 / 5,M,3 Colors,Men,8359360,2025-06-01-20:07:40
T-shirt 368,https://picsum.photos/280/350?random=368,⭐ 3.2 / 5,L,3 Colors,Women,965120,2025-06-01-20:07:40
Hoodie 369,https://picsum.photos/280/350?random=369,⭐ 4.7 / 5,XL,3 Colors,Unisex,7204960,2025-06-01-20:07:40
Pants 370,https://picsum.photos/280/350?random=370,⭐ 3.6 / 5,XXL,3 Colors,Men,4559680,2025-06-01-20:07:40
Jacket 372,https://picsum.photos/280/350?random=372,⭐ 3.6 / 5,M,3 Colors,Unisex,5052960,2025-06-01-20:07:40
Crewneck 373,https://picsum.photos/280/350?random=373,⭐ 3.6 / 5,L,3 Colors,Men,2231040,2025-06-01-20:07:40
T-shirt 374,https://picsum.photos/280/350?random=374,⭐ 3.9 / 5,XL,3 Colors,Women,7697120,2025-06-01-20:07:40
Hoodie 375,https://picsum.photos/280/350?random=375,⭐ 3.9 / 5,XXL,3 Colors,Unisex,7027520,2025-06-01-20:07:40
Outerwear 377,https://picsum.photos/280/350?random=377,⭐ 4.8 / 5,M,3 Colors,Women,6802080,2025-06-01-20:07:40
Jacket 378,https://picsum.photos/280/350?random=378,⭐ 3.6 / 5,L,3 Colors,Unisex,3402400,2025-06-01-20:07:40
Crewneck 379,https://picsum.photos/280/350?random=379,⭐ 4.4 / 5,XL,3 Colors,Men,3963200,2025-06-01-20:07:40
T-shirt 380,https://picsum.photos/280/350?random=380,⭐ 3.8 / 5,XXL,3 Colors,Women,2547040,2025-06-01-20:07:40
Pants 382,https://picsum.photos/280/350?random=382,⭐ 4.4 / 5,M,3 Colors,Men,1356160,2025-06-01-20:07:42
Outerwear 383,https://picsum.photos/280/350?random=383,⭐ 3.4 / 5,L,3 Colors,Women,3431040,2025-06-01-20:07:42
Jacket 384,https://picsum.photos/280/350?random=384,⭐ 3.3 / 5,XL,3 Colors,Unisex,1452960,2025-06-01-20:07:42
Crewneck 385,https://picsum.photos/280/350?random=385,⭐ 4.9 / 5,XXL,3 Colors,Men,7950720,2025-06-01-20:07:42
T-shirt 386,https://picsum.photos/280/350?random=386,⭐ 4.6 / 5,S,3 Colors,Women,4793600,2025-06-01-20:07:42
Hoodie 387,https://picsum.photos/280/350?random=387,⭐ 4.2 / 5,M,3 Colors,Unisex,8418080,2025-06-01-20:07:42
Pants 388,https://picsum.photos/280/350?random=388,⭐ 3.1 / 5,L,3 Colors,Men,931200,2025-06-01-20:07:42
Outerwear 389,https://picsum.photos/280/350?random=389,⭐ 5.0 / 5,XL,3 Colors,Women,2883200,2025-06-01-20:07:42
Jacket 390,https://picsum.photos/280/350?random=390,⭐ 3.3 / 5,XXL,3 Colors,Unisex,5432960,2025-06-01-20:07:42
T-shirt 392,https://picsum.photos/280/350?random=392,⭐ 4.4 / 5,M,3 Colors,Women,1226080,2025-06-01-20:07:42
Hoodie 393,https://picsum.photos/280/350?random=393,⭐ 3.2 / 5,L,3 Colors,Unisex,4068480,2025-06-01-20:07:42
Pants 394,https://picsum.photos/280/350?random=394,⭐ 3.3 / 5,XL,3 Colors,Men,3540000,2025-06-01-20:07:42
Outerwear 395,https://picsum.photos/280/350?random=395,⭐ 4.0 / 5,XXL,3 Colors,Women,3098720,2025-06-01-20:07:42
Jacket 396,https://picsum.photos/280/350?random=396,⭐ 3.9 / 5,S,3 Colors,Unisex,2505280,2025-06-01-20:07:42
Crewneck 397,https://picsum.photos/280/350?random=397,⭐ 3.6 / 5,M,3 Colors,Men,855360,2025-06-01-20:07:42
T-shirt 398,https://picsum.photos/280/350?random=398,⭐ 4.7 / 5,L,3 Colors,Women,4592800,2025-06-01-20:07:42
Hoodie 399,https://picsum.photos/280/350?random=399,⭐ 3.6 / 5,XL,3 Colors,Unisex,2523520,2025-06-01-20:07:42
Pants 400,https://picsum.photos/280/350?random=400,⭐ 4.7 / 5,XXL,3 Colors,Men,6020640,2025-06-01-20:07:42
Jacket 402,https://picsum.photos/280/350?random=402,⭐ 4.6 / 5,M,3 Colors,Unisex,2029120,2025-06-01-20:07:44
Crewneck 403,https://picsum.photos/280/350?random=403,⭐ 4.1 / 5,L,3 Colors,Men,1580320,2025-06-01-20:07:44
T-shirt 404,https://picsum.photos/280/350?random=404,⭐ 4.9 / 5,XL,3 Colors,Women,3501120,2025-06-01-20:07:44
Hoodie 405,https://picsum.photos/280/350?random=405,⭐ 3.8 / 5,XXL,3 Colors,Unisex,5080160,2025-06-01-20:07:44
Outerwear 407,https://picsum.photos/280/350?random=407,⭐ 3.7 / 5,M,3 Colors,Women,2761280,2025-06-01-20:07:44
Jacket 408,https://picsum.photos/280/350?random=408,⭐ 4.9 / 5,L,3 Colors,Unisex,4176000,2025-06-01-20:07:44
Crewneck 409,https://picsum.photos/280/350?random=409,⭐ 3.5 / 5,XL,3 Colors,Men,3221760,2025-06-01-20:07:44
T-shirt 410,https://picsum.photos/280/350?random=410,⭐ 3.1 / 5,XXL,3 Colors,Women,1586720,2025-06-01-20:07:44
Pants 412,https://picsum.photos/280/350?random=412,⭐ 4.4 / 5,M,3 Colors,Men,5438240,2025-06-01-20:07:44
Outerwear 413,https://picsum.photos/280/350?random=413,⭐ 3.4 / 5,L,3 Colors,Women,1306400,2025-06-01-20:07:44
Jacket 414,https://picsum.photos/280/350?random=414,⭐ 3.7 / 5,XL,3 Colors,Unisex,2234720,2025-06-01-20:07:44
Crewneck 415,https://picsum.photos/280/350?random=415,⭐ 3.1 / 5,XXL,3 Colors,Men,3617440,2025-06-01-20:07:44
T-shirt 416,https://picsum.photos/280/350?random=416,⭐ 3.1 / 5,S,3 Colors,Women,4454080,2025-06-01-20:07:44
Hoodie 417,https://picsum.photos/280/350?random=417,⭐ 4.6 / 5,M,3 Colors,Unisex,2769440,2025-06-01-20:07:44
Pants 418,https://picsum.photos/280/350?random=418,⭐ 5.0 / 5,L,3 Colors,Men,6307840,2025-06-01-20:07:44
Outerwear 419,https://picsum.photos/280/350?random=419,⭐ 5.0 / 5,XL,3 Colors,Women,7004000,2025-06-01-20:07:44
Jacket 420,https://picsum.photos/280/350?random=420,⭐ 3.1 / 5,XXL,3 Colors,Unisex,2472640,2025-06-01-20:07:44
T-shirt 422,https://picsum.photos/280/350?random=422,⭐ 3.9 / 5,M,3 Colors,Women,924320,2025-06-01-20:07:46
Hoodie 423,https://picsum.photos/280/350?random=423,⭐ 3.7 / 5,L,3 Colors,Unisex,4601760,2025-06-01-20:07:46
Pants 424,https://picsum.photos/280/350?random=424,⭐ 4.4 / 5,XL,3 Colors,Men,3865760,2025-06-01-20:07:46
Outerwear 425,https://picsum.photos/280/350?random=425,⭐ 4.8 / 5,XXL,3 Colors,Women,2528480,2025-06-01-20:07:46
Jacket 426,https://picsum.photos/280/350?random=426,⭐ 3.4 / 5,S,3 Colors,Unisex,3462400,2025-06-01-20:07:46
Crewneck 427,https://picsum.photos/280/350?random=427,⭐ 3.3 / 5,M,3 Colors,Men,6375200,2025-06-01-20:07:46
T-shirt 428,https://picsum.photos/280/350?random=428,⭐ 4.9 / 5,L,3 Colors,Women,7053120,2025-06-01-20:07:46
Hoodie 429,https://picsum.photos/280/350?random=429,⭐ 4.9 / 5,XL,3 Colors,Unisex,1658560,2025-06-01-20:07:46
Pants 430,https://picsum.photos/280/350?random=430,⭐ 3.9 / 5,XXL,3 Colors,Men,1442080,2025-06-01-20:07:46
Jacket 432,https://picsum.photos/280/350?random=432,⭐ 4.5 / 5,M,3 Colors,Unisex,2151840,2025-06-01-20:07:46
Crewneck 433,https://picsum.photos/280/350?random=433,⭐ 4.2 / 5,L,3 Colors,Men,3872480,2025-06-01-20:07:46
T-shirt 434,https://picsum.photos/280/350?random=434,⭐ 4.9 / 5,XL,3 Colors,Women,6557120,2025-06-01-20:07:46
Hoodie 435,https://picsum.photos/280/350?random=435,⭐ 4.0 / 5,XXL,3 Colors,Unisex,1015680,2025-06-01-20:07:46
Outerwear 437,https://picsum.photos/280/350?random=437,⭐ 3.9 / 5,M,3 Colors,Women,1016800,2025-06-01-20:07:46
Jacket 438,https://picsum.photos/280/350?random=438,⭐ 4.5 / 5,L,3 Colors,Unisex,2453120,2025-06-01-20:07:46
Crewneck 439,https://picsum.photos/280/350?random=439,⭐ 3.2 / 5,XL,3 Colors,Men,4005440,2025-06-01-20:07:46
T-shirt 440,https://picsum.photos/280/350?random=440,⭐ 3.0 / 5,XXL,3 Colors,Women,5326080,2025-06-01-20:07:46
Pants 442,https://picsum.photos/280/350?random=442,⭐ 4.3 / 5,M,3 Colors,Men,4701600,2025-06-01-20:07:49
Outerwear 443,https://picsum.photos/280/350?random=443,⭐ 4.2 / 5,L,3 Colors,Women,7262720,2025-06-01-20:07:49
Jacket 444,https://picsum.photos/280/350?random=444,⭐ 3.3 / 5,XL,3 Colors,Unisex,4016960,2025-06-01-20:07:49
Crewneck 445,https://picsum.photos/280/350?random=445,⭐ 4.5 / 5,XXL,3 Colors,Men,3574240,2025-06-01-20:07:49
T-shirt 446,https://picsum.photos/280/350?random=446,⭐ 3.2 / 5,S,3 Colors,Women,7740160,2025-06-01-20:07:49
Hoodie 447,https://picsum.photos/280/350?random=447,⭐ 4.0 / 5,M,3 Colors,Unisex,4748640,2025-06-01-20:07:49
Pants 448,https://picsum.photos/280/350?random=448,⭐ 4.4 / 5,L,3 Colors,Men,820160,2025-06-01-20:07:49
Outerwear 449,https://picsum.photos/280/350?random=449,⭐ 4.0 / 5,XL,3 Colors,Women,6410080,2025-06-01-20:07:49
Jacket 450,https://picsum.photos/280/350?random=450,⭐ 3.1 / 5,XXL,3 Colors,Unisex,8754880,2025-06-01-20:07:49
T-shirt 452,https://picsum.photos/280/350?random=452,⭐ 4.4 / 5,M,3 Colors,Women,6892800,2025-06-01-20:07:49
Hoodie 453,https://picsum.photos/280/350?random=453,⭐ 4.2 / 5,L,3 Colors,Unisex,6576960,2025-06-01-20:07:49
Pants 454,https://picsum.photos/280/350?random=454,⭐ 5.0 / 5,XL,3 Colors,Men,2179520,2025-06-01-20:07:49
Outerwear 455,https://picsum.photos/280/350?random=455,⭐ 4.8 / 5,XXL,3 Colors,Women,1094080,2025-06-01-20:07:49
Jacket 456,https://picsum.photos/280/350?random=456,⭐ 4.1 / 5,S,3 Colors,Unisex,8096000,2025-06-01-20:07:49
Crewneck 457,https://picsum.photos/280/350?random=457,⭐ 4.8 / 5,M,3 Colors,Men,7342880,2025-06-01-20:07:49
T-shirt 458,https://picsum.photos/280/350?random=458,⭐ 4.4 / 5,L,3 Colors,Women,4240000,2025-06-01-20:07:49
Hoodie 459,https://picsum.photos/280/350?random=459,⭐ 3.5 / 5,XL,3 Colors,Unisex,3237280,2025-06-01-20:07:49
Pants 460,https://picsum.photos/280/350?random=460,⭐ 3.6 / 5,XXL,3 Colors,Men,1880800,2025-06-01-20:07:49
Jacket 462,https://picsum.photos/280/350?random=462,⭐ 4.5 / 5,M,3 Colors,Unisex,6767840,2025-06-01-20:07:51
Crewneck 463,https://picsum.photos/280/350?random=463,⭐ 4.5 / 5,L,3 Colors,Men,7539520,2025-06-01-20:07:51
T-shirt 464,https://picsum.photos/280/350?random=464,⭐ 4.5 / 5,XL,3 Colors,Women,6070080,2025-06-01-20:07:51
Hoodie 465,https://picsum.photos/280/350?random=465,⭐ 4.7 / 5,XXL,3 Colors,Unisex,6164320,2025-06-01-20:07:51
Outerwear 467,https://picsum.photos/280/350?random=467,⭐ 3.5 / 5,M,3 Colors,Women,1325920,2025-06-01-20:07:51
Jacket 468,https://picsum.photos/280/350?random=468,⭐ 3.7 / 5,L,3 Colors,Unisex,4584960,2025-06-01-20:07:51
Crewneck 469,https://picsum.photos/280/350?random=469,⭐ 4.2 / 5,XL,3 Colors,Men,1738880,2025-06-01-20:07:51
T-shirt 470,https://picsum.photos/280/350?random=470,⭐ 3.1 / 5,XXL,3 Colors,Women,7738880,2025-06-01-20:07:51
Pants 472,https://picsum.photos/280/350?random=472,⭐ 3.1 / 5,M,3 Colors,Men,3902080,2025-06-01-20:07:51
Outerwear 473,https://picsum.photos/280/350?random=473,⭐ 4.2 / 5,L,3 Colors,Women,5478080,2025-06-01-20:07:51
Jacket 474,https://picsum.photos/280/350?random=474,⭐ 4.7 / 5,XL,3 Colors,Unisex,5864960,2025-06-01-20:07:51
Crewneck 475,https://picsum.photos/280/350?random=475,⭐ 4.6 / 5,XXL,3 Colors,Men,7017280,2025-06-01-20:07:51
T-shirt 476,https://picsum.photos/280/350?random=476,⭐ 4.3 / 5,S,3 Colors,Women,3986240,2025-06-01-20:07:51
Hoodie 477,https://picsum.photos/280/350?random=477,⭐ 4.2 / 5,M,3 Colors,Unisex,6626080,2025-06-01-20:07:51
Pants 478,https://picsum.photos/280/350?random=478,⭐ 3.8 / 5,L,3 Colors,Men,4912000,2025-06-01-20:07:51
Outerwear 479,https://picsum.photos/280/350?random=479,⭐ 4.4 / 5,XL,3 Colors,Women,7302400,2025-06-01-20:07:51
Jacket 480,https://picsum.photos/280/350?random=480,⭐ 4.2 / 5,XXL,3 Colors,Unisex,4986240,2025-06-01-20:07:51
T-shirt 482,https://picsum.photos/280/350?random=482,⭐ 4.8 / 5,M,3 Colors,Women,3352480,2025-06-01-20:07:53
Hoodie 483,https://picsum.photos/280/350?random=483,⭐ 4.2 / 5,L,3 Colors,Unisex,4035040,2025-06-01-20:07:53
Pants 484,https://picsum.photos/280/350?random=484,⭐ 4.1 / 5,XL,3 Colors,Men,6428640,2025-06-01-20:07:53
Outerwear 485,https://picsum.photos/280/350?random=485,⭐ 4.7 / 5,XXL,3 Colors,Women,4044480,2025-06-01-20:07:53
Jacket 486,https://picsum.photos/280/350?random=486,⭐ 3.0 / 5,S,3 Colors,Unisex,2573760,2025-06-01-20:07:53
Crewneck 487,https://picsum.photos/280/350?random=487,⭐ 3.7 / 5,M,3 Colors,Men,6955520,2025-06-01-20:07:53
T-shirt 488,https://picsum.photos/280/350?random=488,⭐ 3.8 / 5,L,3 Colors,Women,8789760,2025-06-01-20:07:53
Hoodie 489,https://picsum.photos/280/350?random=489,⭐ 5.0 / 5,XL,3 Colors,Unisex,3554560,2025-06-01-20:07:53
Pants 490,https://picsum.photos/280/350?random=490,⭐ 3.1 / 5,XXL,3 Colors,Men,7081600,2025-06-01-20:07:53
Jacket 492,https://picsum.photos/280/350?random=492,⭐ 3.0 / 5,M,3 Colors,Unisex,6011840,2025-06-01-20:07:53
Crewneck 493,https://picsum.photos/280/350?random=493,⭐ 4.8 / 5,L,3 Colors,Men,5071520,2025-06-01-20:07:53
T-shirt 494,https://picsum.photos/280/350?random=494,⭐ 3.4 / 5,XL,3 Colors,Women,1390080,2025-06-01-20:07:53
Hoodie 495,https://picsum.photos/280/350?random=495,⭐ 4.5 / 5,XXL,3 Colors,Unisex,1663200,2025-06-01-20:07:53
Outerwear 497,https://picsum.photos/280/350?random=497,⭐ 4.4 / 5,M,3 Colors,Women,3957760,2025-06-01-20:07:53
Jacket 498,https://picsum.photos/280/350?random=498,⭐ 4.6 / 5,L,3 Colors,Unisex,4412800,2025-06-01-20:07:53
Crewneck 499,https://picsum.photos/280/350?random=499,⭐ 4.1 / 5,XL,3 Colors,Men,7825920,2025-06-01-20:07:53
T-shirt 500,https://picsum.photos/280/350?random=500,⭐ 4.2 / 5,XXL,3 Colors,Women,8114400,2025-06-01-20:07:53
Pants 502,https://picsum.photos/280/350?random=502,⭐ 4.4 / 5,M,3 Colors,Men,7132480,2025-06-01-20:07:55
Outerwear 503,https://picsum.photos/280/350?random=503,⭐ 4.8 / 5,L,3 Colors,Women,4924480,2025-06-01-20:07:55
Jacket 504,https://picsum.photos/280/350?random=504,⭐ 5.0 / 5,XL,3 Colors,Unisex,8024480,2025-06-01-20:07:55
Crewneck 505,https://picsum.photos/280/350?random=505,⭐ 4.3 / 5,XXL,3 Colors,Men,8747680,2025-06-01-20:07:55
T-shirt 506,https://picsum.photos/280/350?random=506,⭐ 3.6 / 5,S,3 Colors,Women,8572000,2025-06-01-20:07:55
Hoodie 507,https://picsum.photos/280/350?random=507,⭐ 4.7 / 5,M,3 Colors,Unisex,6844000,2025-06-01-20:07:55
Pants 508,https://picsum.photos/280/350?random=508,⭐ 3.5 / 5,L,3 Colors,Men,7766080,2025-06-01-20:07:55
Outerwear 509,https://picsum.photos/280/350?random=509,⭐ 3.1 / 5,XL,3 Colors,Women,7178400,2025-06-01-20:07:55
Jacket 510,https://picsum.photos/280/350?random=510,⭐ 3.4 / 5,XXL,3 Colors,Unisex,1562080,2025-06-01-20:07:55
T-shirt 512,https://picsum.photos/280/350?random=512,⭐ 3.7 / 5,M,3 Colors,Women,4319680,2025-06-01-20:07:55
Hoodie 513,https://picsum.photos/280/350?random=513,⭐ 4.4 / 5,L,3 Colors,Unisex,1693760,2025-06-01-20:07:55
Pants 514,https://picsum.photos/280/350?random=514,⭐ 3.9 / 5,XL,3 Colors,Men,6888960,2025-06-01-20:07:55
Outerwear 515,https://picsum.photos/280/350?random=515,⭐ 3.1 / 5,XXL,3 Colors,Women,7262560,2025-06-01-20:07:55
Jacket 516,https://picsum.photos/280/350?random=516,⭐ 3.4 / 5,S,3 Colors,Unisex,7130720,2025-06-01-20:07:55
Crewneck 517,https://picsum.photos/280/350?random=517,⭐ 3.5 / 5,M,3 Colors,Men,1069280,2025-06-01-20:07:55
T-shirt 518,https://picsum.photos/280/350?random=518,⭐ 4.1 / 5,L,3 Colors,Women,2575680,2025-06-01-20:07:55
Hoodie 519,https://picsum.photos/280/350?random=519,⭐ 4.5 / 5,XL,3 Colors,Unisex,2236160,2025-06-01-20:07:55
Pants 520,https://picsum.photos/280/350?random=520,⭐ 3.8 / 5,XXL,3 Colors,Men,2308320,2025-06-01-20:07:55
Jacket 522,https://picsum.photos/280/350?random=522,⭐ 4.0 / 5,M,3 Colors,Unisex,6292960,2025-06-01-20:07:57
Crewneck 523,https://picsum.photos/280/350?random=523,⭐ 4.6 / 5,L,3 Colors,Men,3626720,2025-06-01-20:07:57
T-shirt 524,https://picsum.photos/280/350?random=524,⭐ 3.8 / 5,XL,3 Colors,Women,936000,2025-06-01-20:07:57
Hoodie 525,https://picsum.photos/280/350?random=525,⭐ 3.6 / 5,XXL,3 Colors,Unisex,7919040,2025-06-01-20:07:57
Outerwear 527,https://picsum.photos/280/350?random=527,⭐ 3.6 / 5,M,3 Colors,Women,4669280,2025-06-01-20:07:57
Jacket 528,https://picsum.photos/280/350?random=528,⭐ 4.0 / 5,L,3 Colors,Unisex,5595840,2025-06-01-20:07:57
Crewneck 529,https://picsum.photos/280/350?random=529,⭐ 3.2 / 5,XL,3 Colors,Men,1420160,2025-06-01-20:07:57
T-shirt 530,https://picsum.photos/280/350?random=530,⭐ 3.3 / 5,XXL,3 Colors,Women,6173760,2025-06-01-20:07:57
Pants 532,https://picsum.photos/280/350?random=532,⭐ 4.1 / 5,M,3 Colors,Men,8391200,2025-06-01-20:07:57
Outerwear 533,https://picsum.photos/280/350?random=533,⭐ 4.2 / 5,L,3 Colors,Women,3370240,2025-06-01-20:07:57
Jacket 534,https://picsum.photos/280/350?random=534,⭐ 3.7 / 5,XL,3 Colors,Unisex,3479200,2025-06-01-20:07:57
Crewneck 535,https://picsum.photos/280/350?random=535,⭐ 3.7 / 5,XXL,3 Colors,Men,3901280,2025-06-01-20:07:57
T-shirt 536,https://picsum.photos/280/350?random=536,⭐ 3.0 / 5,S,3 Colors,Women,5092480,2025-06-01-20:07:57
Hoodie 537,https://picsum.photos/280/350?random=537,⭐ 3.1 / 5,M,3 Colors,Unisex,8671840,2025-06-01-20:07:57
Pants 538,https://picsum.photos/280/350?random=538,⭐ 3.4 / 5,L,3 Colors,Men,6134240,2025-06-01-20:07:57
Outerwear 539,https://picsum.photos/280/350?random=539,⭐ 4.7 / 5,XL,3 Colors,Women,4692640,2025-06-01-20:07:57
Jacket 540,https://picsum.photos/280/350?random=540,⭐ 4.4 / 5,XXL,3 Colors,Unisex,7051840,2025-06-01-20:07:57
T-shirt 542,https://picsum.photos/280/350?random=542,⭐ 3.5 / 5,M,3 Colors,Women,4761440,2025-06-01-20:07:59
Hoodie 543,https://picsum.photos/280/350?random=543,⭐ 4.7 / 5,L,3 Colors,Unisex,8715680,2025-06-01-20:07:59
Pants 544,https://picsum.photos/280/350?random=544,⭐ 3.1 / 5,XL,3 Colors,Men,5957760,2025-06-01-20:07:59
Outerwear 545,https://picsum.photos/280/350?random=545,⭐ 4.0 / 5,XXL,3 Colors,Women,3579360,2025-06-01-20:07:59
Jacket 546,https://picsum.photos/280/350?random=546,⭐ 3.3 / 5,S,3 Colors,Unisex,6271520,2025-06-01-20:07:59
Crewneck 547,https://picsum.photos/280/350?random=547,⭐ 3.9 / 5,M,3 Colors,Men,5361120,2025-06-01-20:07:59
T-shirt 548,https://picsum.photos/280/350?random=548,⭐ 4.6 / 5,L,3 Colors,Women,2686240,2025-06-01-20:07:59
Hoodie 549,https://picsum.photos/280/350?random=549,⭐ 3.7 / 5,XL,3 Colors,Unisex,2687200,2025-06-01-20:07:59
Pants 550,https://picsum.photos/280/350?random=550,⭐ 4.9 / 5,XXL,3 Colors,Men,4450080,2025-06-01-20:07:59
Jacket 552,https://picsum.photos/280/350?random=552,⭐ 4.1 / 5,M,3 Colors,Unisex,5380320,2025-06-01-20:07:59
Crewneck 553,https://picsum.photos/280/350?random=553,⭐ 3.8 / 5,L,3 Colors,Men,7760800,2025-06-01-20:07:59
T-shirt 554,https://picsum.photos/280/350?random=554,⭐ 4.5 / 5,XL,3 Colors,Women,4001120,2025-06-01-20:07:59
Hoodie 555,https://picsum.photos/280/350?random=555,⭐ 3.0 / 5,XXL,3 Colors,Unisex,1809600,2025-06-01-20:07:59
Outerwear 557,https://picsum.photos/280/350?random=557,⭐ 3.4 / 5,M,3 Colors,Women,5460480,2025-06-01-20:07:59
Jacket 558,https://picsum.photos/280/350?random=558,⭐ 4.0 / 5,L,3 Colors,Unisex,5007040,2025-06-01-20:07:59
Crewneck 559,https://picsum.photos/280/350?random=559,⭐ 3.5 / 5,XL,3 Colors,Men,1590880,2025-06-01-20:07:59
T-shirt 560,https://picsum.photos/280/350?random=560,⭐ 4.2 / 5,XXL,3 Colors,Women,6885280,2025-06-01-20:07:59
Pants 562,https://picsum.photos/280/350?random=562,⭐ 4.5 / 5,M,3 Colors,Men,3724160,2025-06-01-20:08:02
Outerwear 563,https://picsum.photos/280/350?random=563,⭐ 4.7 / 5,L,3 Colors,Women,8197440,2025-06-01-20:08:02
Jacket 564,https://picsum.photos/280/350?random=564,⭐ 4.3 / 5,XL,3 Colors,Unisex,8319200,2025-06-01-20:08:02
Crewneck 565,https://picsum.photos/280/350?random=565,⭐ 3.5 / 5,XXL,3 Colors,Men,7635200,2025-06-01-20:08:02
T-shirt 566,https://picsum.photos/280/350?random=566,⭐ 4.6 / 5,S,3 Colors,Women,2611360,2025-06-01-20:08:02
Hoodie 567,https://picsum.photos/280/350?random=567,⭐ 3.2 / 5,M,3 Colors,Unisex,4576160,2025-06-01-20:08:02
Pants 568,https://picsum.photos/280/350?random=568,⭐ 3.3 / 5,L,3 Colors,Men,2984160,2025-06-01-20:08:02
Outerwear 569,https://picsum.photos/280/350?random=569,⭐ 4.7 / 5,XL,3 Colors,Women,4966880,2025-06-01-20:08:02
Jacket 570,https://picsum.photos/280/350?random=570,⭐ 3.9 / 5,XXL,3 Colors,Unisex,4000960,2025-06-01-20:08:02
T-shirt 572,https://picsum.photos/280/350?random=572,⭐ 3.2 / 5,M,3 Colors,Women,4756320,2025-06-01-20:08:02
Hoodie 573,https://picsum.photos/280/350?random=573,⭐ 4.5 / 5,L,3 Colors,Unisex,6954080,2025-06-01-20:08:02
Pants 574,https://picsum.photos/280/350?random=574,⭐ 3.8 / 5,XL,3 Colors,Men,2424000,2025-06-01-20:08:02
Outerwear 575,https://picsum.photos/280/350?random=575,⭐ 3.4 / 5,XXL,3 Colors,Women,3517760,2025-06-01-20:08:02
Jacket 576,https://picsum.photos/280/350?random=576,⭐ 3.5 / 5,S,3 Colors,Unisex,805600,2025-06-01-20:08:02
Crewneck 577,https://picsum.photos/280/350?random=577,⭐ 3.3 / 5,M,3 Colors,Men,7873920,2025-06-01-20:08:02
T-shirt 578,https://picsum.photos/280/350?random=578,⭐ 4.1 / 5,L,3 Colors,Women,7958880,2025-06-01-20:08:02
Hoodie 579,https://picsum.photos/280/350?random=579,⭐ 4.4 / 5,XL,3 Colors,Unisex,4428640,2025-06-01-20:08:02
Pants 580,https://picsum.photos/280/350?random=580,⭐ 3.3 / 5,XXL,3 Colors,Men,2625440,2025-06-01-20:08:02
Jacket 582,https://picsum.photos/280/350?random=582,⭐ 4.1 / 5,M,3 Colors,Unisex,4112160,2025-06-01-20:08:04
Crewneck 583,https://picsum.photos/280/350?random=583,⭐ 4.5 / 5,L,3 Colors,Men,5737760,2025-06-01-20:08:04
T-shirt 584,https://picsum.photos/280/350?random=584,⭐ 4.8 / 5,XL,3 Colors,Women,6964960,2025-06-01-20:08:04
Hoodie 585,https://picsum.photos/280/350?random=585,⭐ 4.9 / 5,XXL,3 Colors,Unisex,6186880,2025-06-01-20:08:04
Outerwear 587,https://picsum.photos/280/350?random=587,⭐ 4.4 / 5,M,3 Colors,Women,4424960,2025-06-01-20:08:04
Jacket 588,https://picsum.photos/280/350?random=588,⭐ 4.7 / 5,L,3 Colors,Unisex,4963040,2025-06-01-20:08:04
Crewneck 589,https://picsum.photos/280/350?random=589,⭐ 4.7 / 5,XL,3 Colors,Men,931840,2025-06-01-20:08:04
T-shirt 590,https://picsum.photos/280/350?random=590,⭐ 3.9 / 5,XXL,3 Colors,Women,6457120,2025-06-01-20:08:04
Pants 592,https://picsum.photos/280/350?random=592,⭐ 4.3 / 5,M,3 Colors,Men,6805440,2025-06-01-20:08:04
Outerwear 593,https://picsum.photos/280/350?random=593,⭐ 3.9 / 5,L,3 Colors,Women,7163840,2025-06-01-20:08:04
Jacket 594,https://picsum.photos/280/350?random=594,⭐ 4.2 / 5,XL,3 Colors,Unisex,8707680,2025-06-01-20:08:04
Crewneck 595,https://picsum.photos/280/350?random=595,⭐ 3.5 / 5,XXL,3 Colors,Men,3723840,2025-06-01-20:08:04
T-shirt 596,https://picsum.photos/280/350?random=596,⭐ 4.4 / 5,S,3 Colors,Women,8290400,2025-06-01-20:08:04
Hoodie 597,https://picsum.photos/280/350?random=597,⭐ 3.3 / 5,M,3 Colors,Unisex,7969440,2025-06-01-20:08:04
Pants 598,https://picsum.photos/280/350?random=598,⭐ 4.1 / 5,L,3 Colors,Men,4714080,2025-06-01-20:08:04
Outerwear 599,https://picsum.photos/280/350?random=599,⭐ 3.3 / 5,XL,3 Colors,Women,1179040,2025-06-01-20:08:04
Jacket 600,https://picsum.photos/280/350?random=600,⭐ 3.0 / 5,XXL,3 Colors,Unisex,6414080,2025-06-01-20:08:04
T-shirt 602,https://picsum.photos/280/350?random=602,⭐ 4.4 / 5,M,3 Colors,Women,2260960,2025-06-01-20:08:06
Hoodie 603,https://picsum.photos/280/350?random=603,⭐ 3.1 / 5,L,3 Colors,Unisex,7511520,2025-06-01-20:08:06
Pants 604,https://picsum.photos/280/350?random=604,⭐ 4.3 / 5,XL,3 Colors,Men,7662240,2025-06-01-20:08:06
Outerwear 605,https://picsum.photos/280/350?random=605,⭐ 3.7 / 5,XXL,3 Colors,Women,1710720,2025-06-01-20:08:06
Jacket 606,https://picsum.photos/280/350?random=606,⭐ 4.6 / 5,S,3 Colors,Unisex,5770720,2025-06-01-20:08:06
Crewneck 607,https://picsum.photos/280/350?random=607,⭐ 3.1 / 5,M,3 Colors,Men,3857600,2025-06-01-20:08:06
T-shirt 608,https://picsum.photos/280/350?random=608,⭐ 4.6 / 5,L,3 Colors,Women,7047840,2025-06-01-20:08:06
Hoodie 609,https://picsum.photos/280/350?random=609,⭐ 4.1 / 5,XL,3 Colors,Unisex,2956320,2025-06-01-20:08:06
Pants 610,https://picsum.photos/280/350?random=610,⭐ 3.3 / 5,XXL,3 Colors,Men,4515360,2025-06-01-20:08:06
Jacket 612,https://picsum.photos/280/350?random=612,⭐ 3.1 / 5,M,3 Colors,Unisex,3202720,2025-06-01-20:08:06
Crewneck 613,https://picsum.photos/280/350?random=613,⭐ 3.6 / 5,L,3 Colors,Men,1013920,2025-06-01-20:08:06
T-shirt 614,https://picsum.photos/280/350?random=614,⭐ 3.1 / 5,XL,3 Colors,Women,2428160,2025-06-01-20:08:06
Hoodie 615,https://picsum.photos/280/350?random=615,⭐ 4.8 / 5,XXL,3 Colors,Unisex,4798720,2025-06-01-20:08:06
Outerwear 617,https://picsum.photos/280/350?random=617,⭐ 4.3 / 5,M,3 Colors,Women,1765920,2025-06-01-20:08:06
Jacket 618,https://picsum.photos/280/350?random=618,⭐ 3.3 / 5,L,3 Colors,Unisex,6474080,2025-06-01-20:08:06
Crewneck 619,https://picsum.photos/280/350?random=619,⭐ 4.4 / 5,XL,3 Colors,Men,8340639,2025-06-01-20:08:06
T-shirt 620,https://picsum.photos/280/350?random=620,⭐ 3.3 / 5,XXL,3 Colors,Women,2270240,2025-06-01-20:08:06
Pants 622,https://picsum.photos/280/350?random=622,⭐ 3.5 / 5,M,3 Colors,Men,4849600,2025-06-01-20:08:08
Outerwear 623,https://picsum.photos/280/350?random=623,⭐ 4.6 / 5,L,3 Colors,Women,7299520,2025-06-01-20:08:08
Jacket 624,https://picsum.photos/280/350?random=624,⭐ 3.9 / 5,XL,3 Colors,Unisex,6943200,2025-06-01-20:08:08
Crewneck 625,https://picsum.photos/280/350?random=625,⭐ 4.1 / 5,XXL,3 Colors,Men,7826400,2025-06-01-20:08:08
T-shirt 626,https://picsum.photos/280/350?random=626,⭐ 4.5 / 5,S,3 Colors,Women,7777440,2025-06-01-20:08:08
Hoodie 627,https://picsum.photos/280/350?random=627,⭐ 3.2 / 5,M,3 Colors,Unisex,1232320,2025-06-01-20:08:08
Pants 628,https://picsum.photos/280/350?random=628,⭐ 4.3 / 5,L,3 Colors,Men,8113120,2025-06-01-20:08:08
Outerwear 629,https://picsum.photos/280/350?random=629,⭐ 4.4 / 5,XL,3 Colors,Women,3997920,2025-06-01-20:08:08
Jacket 630,https://picsum.photos/280/350?random=630,⭐ 3.8 / 5,XXL,3 Colors,Unisex,1003680,2025-06-01-20:08:08
T-shirt 632,https://picsum.photos/280/350?random=632,⭐ 3.6 / 5,M,3 Colors,Women,4314240,2025-06-01-20:08:08
Hoodie 633,https://picsum.photos/280/350?random=633,⭐ 3.1 / 5,L,3 Colors,Unisex,3128000,2025-06-01-20:08:08
Pants 634,https://picsum.photos/280/350?random=634,⭐ 3.9 / 5,XL,3 Colors,Men,8535680,2025-06-01-20:08:08
Outerwear 635,https://picsum.photos/280/350?random=635,⭐ 4.1 / 5,XXL,3 Colors,Women,6897120,2025-06-01-20:08:08
Jacket 636,https://picsum.photos/280/350?random=636,⭐ 4.5 / 5,S,3 Colors,Unisex,3476320,2025-06-01-20:08:08
Crewneck 637,https://picsum.photos/280/350?random=637,⭐ 4.0 / 5,M,3 Colors,Men,6030240,2025-06-01-20:08:08
T-shirt 638,https://picsum.photos/280/350?random=638,⭐ 4.6 / 5,L,3 Colors,Women,5220960,2025-06-01-20:08:08
Hoodie 639,https://picsum.photos/280/350?random=639,⭐ 4.7 / 5,XL,3 Colors,Unisex,6782720,2025-06-01-20:08:08
Pants 640,https://picsum.photos/280/350?random=640,⭐ 3.8 / 5,XXL,3 Colors,Men,3038560,2025-06-01-20:08:08
Jacket 642,https://picsum.photos/280/350?random=642,⭐ 4.7 / 5,M,3 Colors,Unisex,7747360,2025-06-01-20:08:11
Crewneck 643,https://picsum.photos/280/350?random=643,⭐ 3.2 / 5,L,3 Colors,Men,6116000,2025-06-01-20:08:11
T-shirt 644,https://picsum.photos/280/350?random=644,⭐ 4.2 / 5,XL,3 Colors,Women,7479360,2025-06-01-20:08:11
Hoodie 645,https://picsum.photos/280/350?random=645,⭐ 3.3 / 5,XXL,3 Colors,Unisex,3285440,2025-06-01-20:08:11
Outerwear 647,https://picsum.photos/280/350?random=647,⭐ 3.8 / 5,M,3 Colors,Women,4304960,2025-06-01-20:08:11
Jacket 648,https://picsum.photos/280/350?random=648,⭐ 4.5 / 5,L,3 Colors,Unisex,8699520,2025-06-01-20:08:11
Crewneck 649,https://picsum.photos/280/350?random=649,⭐ 3.2 / 5,XL,3 Colors,Men,8588160,2025-06-01-20:08:11
T-shirt 650,https://picsum.photos/280/350?random=650,⭐ 3.4 / 5,XXL,3 Colors,Women,8012800,2025-06-01-20:08:11
Pants 652,https://picsum.photos/280/350?random=652,⭐ 3.3 / 5,M,3 Colors,Men,6084960,2025-06-01-20:08:11
Outerwear 653,https://picsum.photos/280/350?random=653,⭐ 4.0 / 5,L,3 Colors,Women,2622080,2025-06-01-20:08:11
Jacket 654,https://picsum.photos/280/350?random=654,⭐ 4.7 / 5,XL,3 Colors,Unisex,4089440,2025-06-01-20:08:11
Crewneck 655,https://picsum.photos/280/350?random=655,⭐ 4.1 / 5,XXL,3 Colors,Men,1834240,2025-06-01-20:08:11
T-shirt 656,https://picsum.photos/280/350?random=656,⭐ 4.2 / 5,S,3 Colors,Women,2538720,2025-06-01-20:08:11
Hoodie 657,https://picsum.photos/280/350?random=657,⭐ 4.8 / 5,M,3 Colors,Unisex,8459040,2025-06-01-20:08:11
Pants 658,https://picsum.photos/280/350?random=658,⭐ 3.8 / 5,L,3 Colors,Men,6268320,2025-06-01-20:08:11
Outerwear 659,https://picsum.photos/280/350?random=659,⭐ 3.3 / 5,XL,3 Colors,Women,1817920,2025-06-01-20:08:11
Jacket 660,https://picsum.photos/280/350?random=660,⭐ 3.5 / 5,XXL,3 Colors,Unisex,8715200,2025-06-01-20:08:11
T-shirt 662,https://picsum.photos/280/350?random=662,⭐ 4.5 / 5,M,3 Colors,Women,1422720,2025-06-01-20:08:13
Hoodie 663,https://picsum.photos/280/350?random=663,⭐ 4.0 / 5,L,3 Colors,Unisex,7087200,2025-06-01-20:08:13
Pants 664,https://picsum.photos/280/350?random=664,⭐ 3.5 / 5,XL,3 Colors,Men,8248639,2025-06-01-20:08:13
Outerwear 665,https://picsum.photos/280/350?random=665,⭐ 3.2 / 5,XXL,3 Colors,Women,4033600,2025-06-01-20:08:13
Jacket 666,https://picsum.photos/280/350?random=666,⭐ 3.9 / 5,S,3 Colors,Unisex,4844000,2025-06-01-20:08:13
Crewneck 667,https://picsum.photos/280/350?random=667,⭐ 3.7 / 5,M,3 Colors,Men,1756640,2025-06-01-20:08:13
T-shirt 668,https://picsum.photos/280/350?random=668,⭐ 3.7 / 5,L,3 Colors,Women,5044640,2025-06-01-20:08:13
Hoodie 669,https://picsum.photos/280/350?random=669,⭐ 3.3 / 5,XL,3 Colors,Unisex,2346080,2025-06-01-20:08:13
Pants 670,https://picsum.photos/280/350?random=670,⭐ 4.8 / 5,XXL,3 Colors,Men,8406720,2025-06-01-20:08:13
Jacket 672,https://picsum.photos/280/350?random=672,⭐ 4.5 / 5,M,3 Colors,Unisex,4776160,2025-06-01-20:08:13
Crewneck 673,https://picsum.photos/280/350?random=673,⭐ 4.7 / 5,L,3 Colors,Men,2803360,2025-06-01-20:08:13
T-shirt 674,https://picsum.photos/280/350?random=674,⭐ 3.1 / 5,XL,3 Colors,Women,3156640,2025-06-01-20:08:13
Hoodie 675,https://picsum.photos/280/350?random=675,⭐ 3.2 / 5,XXL,3 Colors,Unisex,4314880,2025-06-01-20:08:13
Outerwear 677,https://picsum.photos/280/350?random=677,⭐ 3.3 / 5,M,3 Colors,Women,4657440,2025-06-01-20:08:13
Jacket 678,https://picsum.photos/280/350?random=678,⭐ 4.3 / 5,L,3 Colors,Unisex,2777120,2025-06-01-20:08:13
Crewneck 679,https://picsum.photos/280/350?random=679,⭐ 3.2 / 5,XL,3 Colors,Men,6373120,2025-06-01-20:08:13
T-shirt 680,https://picsum.photos/280/350?random=680,⭐ 3.2 / 5,XXL,3 Colors,Women,8164800,2025-06-01-20:08:13
Pants 682,https://picsum.photos/280/350?random=682,⭐ 3.9 / 5,M,3 Colors,Men,7616480,2025-06-01-20:08:15
Outerwear 683,https://picsum.photos/280/350?random=683,⭐ 3.6 / 5,L,3 Colors,Women,3907360,2025-06-01-20:08:15
Jacket 684,https://picsum.photos/280/350?random=684,⭐ 3.5 / 5,XL,3 Colors,Unisex,7102560,2025-06-01-20:08:15
Crewneck 685,https://picsum.photos/280/350?random=685,⭐ 4.6 / 5,XXL,3 Colors,Men,1495840,2025-06-01-20:08:15
T-shirt 686,https://picsum.photos/280/350?random=686,⭐ 3.8 / 5,S,3 Colors,Women,5381760,2025-06-01-20:08:15
Hoodie 687,https://picsum.photos/280/350?random=687,⭐ 4.7 / 5,M,3 Colors,Unisex,4220800,2025-06-01-20:08:15
Pants 688,https://picsum.photos/280/350?random=688,⭐ 4.4 / 5,L,3 Colors,Men,1487520,2025-06-01-20:08:15
Outerwear 689,https://picsum.photos/280/350?random=689,⭐ 4.6 / 5,XL,3 Colors,Women,1939040,2025-06-01-20:08:15
Jacket 690,https://picsum.photos/280/350?random=690,⭐ 4.7 / 5,XXL,3 Colors,Unisex,8782560,2025-06-01-20:08:15
T-shirt 692,https://picsum.photos/280/350?random=692,⭐ 4.1 / 5,M,3 Colors,Women,1416480,2025-06-01-20:08:15
Hoodie 693,https://picsum.photos/280/350?random=693,⭐ 4.1 / 5,L,3 Colors,Unisex,3031680,2025-06-01-20:08:15
Pants 694,https://picsum.photos/280/350?random=694,⭐ 3.4 / 5,XL,3 Colors,Men,2466720,2025-06-01-20:08:15
Outerwear 695,https://picsum.photos/280/350?random=695,⭐ 3.3 / 5,XXL,3 Colors,Women,959360,2025-06-01-20:08:15
Jacket 696,https://picsum.photos/280/350?random=696,⭐ 4.2 / 5,S,3 Colors,Unisex,5146240,2025-06-01-20:08:15
Crewneck 697,https://picsum.photos/280/350?random=697,⭐ 5.0 / 5,M,3 Colors,Men,6545120,2025-06-01-20:08:15
T-shirt 698,https://picsum.photos/280/350?random=698,⭐ 4.1 / 5,L,3 Colors,Women,2444960,2025-06-01-20:08:15
Hoodie 699,https://picsum.photos/280/350?random=699,⭐ 4.5 / 5,XL,3 Colors,Unisex,5250240,2025-06-01-20:08:15
Pants 700,https://picsum.photos/280/350?random=700,⭐ 4.3 / 5,XXL,3 Colors,Men,3526560,2025-06-01-20:08:15
Jacket 702,https://picsum.photos/280/350?random=702,⭐ 4.3 / 5,M,3 Colors,Unisex,4927680,2025-06-01-20:08:17
Crewneck 703,https://picsum.photos/280/350?random=703,⭐ 4.2 / 5,L,3 Colors,Men,2949120,2025-06-01-20:08:17
T-shirt 704,https://picsum.photos/280/350?random=704,⭐ 4.1 / 5,XL,3 Colors,Women,6214240,2025-06-01-20:08:17
Hoodie 705,https://picsum.photos/280/350?random=705,⭐ 3.1 / 5,XXL,3 Colors,Unisex,3042880,2025-06-01-20:08:17
Outerwear 707,https://picsum.photos/280/350?random=707,⭐ 4.4 / 5,M,3 Colors,Women,7746240,2025-06-01-20:08:17
Jacket 708,https://picsum.photos/280/350?random=708,⭐ 4.3 / 5,L,3 Colors,Unisex,8541280,2025-06-01-20:08:17
Crewneck 709,https://picsum.photos/280/350?random=709,⭐ 3.9 / 5,XL,3 Colors,Men,7022400,2025-06-01-20:08:17
T-shirt 710,https://picsum.photos/280/350?random=710,⭐ 3.2 / 5,XXL,3 Colors,Women,3751520,2025-06-01-20:08:17
Pants 712,https://picsum.photos/280/350?random=712,⭐ 4.1 / 5,M,3 Colors,Men,1510400,2025-06-01-20:08:17
Outerwear 713,https://picsum.photos/280/350?random=713,⭐ 4.4 / 5,L,3 Colors,Women,3142880,2025-06-01-20:08:17
Jacket 714,https://picsum.photos/280/350?random=714,⭐ 3.1 / 5,XL,3 Colors,Unisex,892320,2025-06-01-20:08:17
Crewneck 715,https://picsum.photos/280/350?random=715,⭐ 3.9 / 5,XXL,3 Colors,Men,7021760,2025-06-01-20:08:17
T-shirt 716,https://picsum.photos/280/350?random=716,⭐ 4.9 / 5,S,3 Colors,Women,3602560,2025-06-01-20:08:17
Hoodie 717,https://picsum.photos/280/350?random=717,⭐ 3.6 / 5,M,3 Colors,Unisex,1532800,2025-06-01-20:08:17
Pants 718,https://picsum.photos/280/350?random=718,⭐ 3.2 / 5,L,3 Colors,Men,4057120,2025-06-01-20:08:17
Outerwear 719,https://picsum.photos/280/350?random=719,⭐ 4.7 / 5,XL,3 Colors,Women,3172960,2025-06-01-20:08:17
Jacket 720,https://picsum.photos/280/350?random=720,⭐ 3.8 / 5,XXL,3 Colors,Unisex,2028320,2025-06-01-20:08:17
T-shirt 722,https://picsum.photos/280/350?random=722,⭐ 3.2 / 5,M,3 Colors,Women,8724320,2025-06-01-20:08:19
Hoodie 723,https://picsum.photos/280/350?random=723,⭐ 3.4 / 5,L,3 Colors,Unisex,5664800,2025-06-01-20:08:19
Pants 724,https://picsum.photos/280/350?random=724,⭐ 4.7 / 5,XL,3 Colors,Men,4824800,2025-06-01-20:08:19
Outerwear 725,https://picsum.photos/280/350?random=725,⭐ 3.0 / 5,XXL,3 Colors,Women,4979200,2025-06-01-20:08:19
Jacket 726,https://picsum.photos/280/350?random=726,⭐ 3.5 / 5,S,3 Colors,Unisex,6345920,2025-06-01-20:08:19
Crewneck 727,https://picsum.photos/280/350?random=727,⭐ 4.8 / 5,M,3 Colors,Men,4024000,2025-06-01-20:08:19
T-shirt 728,https://picsum.photos/280/350?random=728,⭐ 3.0 / 5,L,3 Colors,Women,8173440,2025-06-01-20:08:19
Hoodie 729,https://picsum.photos/280/350?random=729,⭐ 3.6 / 5,XL,3 Colors,Unisex,6431360,2025-06-01-20:08:19
Pants 730,https://picsum.photos/280/350?random=730,⭐ 4.5 / 5,XXL,3 Colors,Men,7228800,2025-06-01-20:08:19
Jacket 732,https://picsum.photos/280/350?random=732,⭐ 3.9 / 5,M,3 Colors,Unisex,6597600,2025-06-01-20:08:19
Crewneck 733,https://picsum.photos/280/350?random=733,⭐ 4.7 / 5,L,3 Colors,Men,1162880,2025-06-01-20:08:19
T-shirt 734,https://picsum.photos/280/350?random=734,⭐ 4.2 / 5,XL,3 Colors,Women,6858560,2025-06-01-20:08:19
Hoodie 735,https://picsum.photos/280/350?random=735,⭐ 4.0 / 5,XXL,3 Colors,Unisex,4664320,2025-06-01-20:08:19
Outerwear 737,https://picsum.photos/280/350?random=737,⭐ 4.7 / 5,M,3 Colors,Women,1015680,2025-06-01-20:08:19
Jacket 738,https://picsum.photos/280/350?random=738,⭐ 3.7 / 5,L,3 Colors,Unisex,1893920,2025-06-01-20:08:19
Crewneck 739,https://picsum.photos/280/350?random=739,⭐ 3.3 / 5,XL,3 Colors,Men,8072960,2025-06-01-20:08:19
T-shirt 740,https://picsum.photos/280/350?random=740,⭐ 3.4 / 5,XXL,3 Colors,Women,7016640,2025-06-01-20:08:19
Pants 742,https://picsum.photos/280/350?random=742,⭐ 3.6 / 5,M,3 Colors,Men,5626080,2025-06-01-20:08:21
Outerwear 743,https://picsum.photos/280/350?random=743,⭐ 3.0 / 5,L,3 Colors,Women,5678080,2025-06-01-20:08:21
Jacket 744,https://picsum.photos/280/350?random=744,⭐ 4.1 / 5,XL,3 Colors,Unisex,5175680,2025-06-01-20:08:21
Crewneck 745,https://picsum.photos/280/350?random=745,⭐ 3.8 / 5,XXL,3 Colors,Men,2882560,2025-06-01-20:08:21
T-shirt 746,https://picsum.photos/280/350?random=746,⭐ 5.0 / 5,S,3 Colors,Women,1517440,2025-06-01-20:08:21
Hoodie 747,https://picsum.photos/280/350?random=747,⭐ 4.7 / 5,M,3 Colors,Unisex,6326880,2025-06-01-20:08:21
Pants 748,https://picsum.photos/280/350?random=748,⭐ 3.7 / 5,L,3 Colors,Men,3134080,2025-06-01-20:08:21
Outerwear 749,https://picsum.photos/280/350?random=749,⭐ 3.2 / 5,XL,3 Colors,Women,2627360,2025-06-01-20:08:21
Jacket 750,https://picsum.photos/280/350?random=750,⭐ 3.7 / 5,XXL,3 Colors,Unisex,1030400,2025-06-01-20:08:21
T-shirt 752,https://picsum.photos/280/350?random=752,⭐ 3.8 / 5,M,3 Colors,Women,7431520,2025-06-01-20:08:21
Hoodie 753,https://picsum.photos/280/350?random=753,⭐ 4.8 / 5,L,3 Colors,Unisex,8137600,2025-06-01-20:08:21
Pants 754,https://picsum.photos/280/350?random=754,⭐ 3.1 / 5,XL,3 Colors,Men,7229760,2025-06-01-20:08:21
Outerwear 755,https://picsum.photos/280/350?random=755,⭐ 4.6 / 5,XXL,3 Colors,Women,6910400,2025-06-01-20:08:21
Jacket 756,https://picsum.photos/280/350?random=756,⭐ 3.1 / 5,S,3 Colors,Unisex,7128000,2025-06-01-20:08:21
Crewneck 757,https://picsum.photos/280/350?random=757,⭐ 4.4 / 5,M,3 Colors,Men,7582720,2025-06-01-20:08:21
T-shirt 758,https://picsum.photos/280/350?random=758,⭐ 3.1 / 5,L,3 Colors,Women,6025920,2025-06-01-20:08:21
Hoodie 759,https://picsum.photos/280/350?random=759,⭐ 4.7 / 5,XL,3 Colors,Unisex,2779840,2025-06-01-20:08:21
Pants 760,https://picsum.photos/280/350?random=760,⭐ 4.1 / 5,XXL,3 Colors,Men,2191040,2025-06-01-20:08:21
Jacket 762,https://picsum.photos/280/350?random=762,⭐ 4.9 / 5,M,3 Colors,Unisex,4091840,2025-06-01-20:08:23
Crewneck 763,https://picsum.photos/280/350?random=763,⭐ 3.9 / 5,L,3 Colors,Men,5792640,2025-06-01-20:08:23
T-shirt 764,https://picsum.photos/280/350?random=764,⭐ 3.4 / 5,XL,3 Colors,Women,7211680,2025-06-01-20:08:23
Hoodie 765,https://picsum.photos/280/350?random=765,⭐ 4.9 / 5,XXL,3 Colors,Unisex,1343360,2025-06-01-20:08:23
Outerwear 767,https://picsum.photos/280/350?random=767,⭐ 4.5 / 5,M,3 Colors,Women,4152800,2025-06-01-20:08:23
Jacket 768,https://picsum.photos/280/350?random=768,⭐ 4.9 / 5,L,3 Colors,Unisex,5662080,2025-06-01-20:08:23
Crewneck 769,https://picsum.photos/280/350?random=769,⭐ 3.3 / 5,XL,3 Colors,Men,6294560,2025-06-01-20:08:23
T-shirt 770,https://picsum.photos/280/350?random=770,⭐ 3.5 / 5,XXL,3 Colors,Women,1655040,2025-06-01-20:08:23
Pants 772,https://picsum.photos/280/350?random=772,⭐ 3.4 / 5,M,3 Colors,Men,8748160,2025-06-01-20:08:23
Outerwear 773,https://picsum.photos/280/350?random=773,⭐ 3.2 / 5,L,3 Colors,Women,3393600,2025-06-01-20:08:23
Jacket 774,https://picsum.photos/280/350?random=774,⭐ 4.1 / 5,XL,3 Colors,Unisex,1485760,2025-06-01-20:08:23
Crewneck 775,https://picsum.photos/280/350?random=775,⭐ 3.1 / 5,XXL,3 Colors,Men,8189440,2025-06-01-20:08:23
T-shirt 776,https://picsum.photos/280/350?random=776,⭐ 3.7 / 5,S,3 Colors,Women,5333120,2025-06-01-20:08:23
Hoodie 777,https://picsum.photos/280/350?random=777,⭐ 3.4 / 5,M,3 Colors,Unisex,6104800,2025-06-01-20:08:23
Pants 778,https://picsum.photos/280/350?random=778,⭐ 4.2 / 5,L,3 Colors,Men,6034720,2025-06-01-20:08:23
Outerwear 779,https://picsum.photos/280/350?random=779,⭐ 3.2 / 5,XL,3 Colors,Women,5816480,2025-06-01-20:08:23
Jacket 780,https://picsum.photos/280/350?random=780,⭐ 3.4 / 5,XXL,3 Colors,Unisex,2767520,2025-06-01-20:08:23
T-shirt 782,https://picsum.photos/280/350?random=782,⭐ 4.5 / 5,M,3 Colors,Women,4117439,2025-06-01-20:08:26
Hoodie 783,https://picsum.photos/280/350?random=783,⭐ 3.0 / 5,L,3 Colors,Unisex,2510720,2025-06-01-20:08:26
Pants 784,https://picsum.photos/280/350?random=784,⭐ 3.0 / 5,XL,3 Colors,Men,5341280,2025-06-01-20:08:26
Outerwear 785,https://picsum.photos/280/350?random=785,⭐ 4.3 / 5,XXL,3 Colors,Women,6444480,2025-06-01-20:08:26
Jacket 786,https://picsum.photos/280/350?random=786,⭐ 5.0 / 5,S,3 Colors,Unisex,6749280,2025-06-01-20:08:26
Crewneck 787,https://picsum.photos/280/350?random=787,⭐ 4.7 / 5,M,3 Colors,Men,4593600,2025-06-01-20:08:26
T-shirt 788,https://picsum.photos/280/350?random=788,⭐ 4.7 / 5,L,3 Colors,Women,3041120,2025-06-01-20:08:26
Hoodie 789,https://picsum.photos/280/350?random=789,⭐ 4.0 / 5,XL,3 Colors,Unisex,2153280,2025-06-01-20:08:26
Pants 790,https://picsum.photos/280/350?random=790,⭐ 3.2 / 5,XXL,3 Colors,Men,1708320,2025-06-01-20:08:26
Jacket 792,https://picsum.photos/280/350?random=792,⭐ 3.8 / 5,M,3 Colors,Unisex,4068960,2025-06-01-20:08:26
Crewneck 793,https://picsum.photos/280/350?random=793,⭐ 4.0 / 5,L,3 Colors,Men,8650080,2025-06-01-20:08:26
T-shirt 794,https://picsum.photos/280/350?random=794,⭐ 4.0 / 5,XL,3 Colors,Women,5983040,2025-06-01-20:08:26
Hoodie 795,https://picsum.photos/280/350?random=795,⭐ 3.9 / 5,XXL,3 Colors,Unisex,4209600,2025-06-01-20:08:26
Outerwear 797,https://picsum.photos/280/350?random=797,⭐ 4.9 / 5,M,3 Colors,Women,2771360,2025-06-01-20:08:26
Jacket 798,https://picsum.photos/280/350?random=798,⭐ 3.4 / 5,L,3 Colors,Unisex,4391040,2025-06-01-20:08:26
Crewneck 799,https://picsum.photos/280/350?random=799,⭐ 4.2 / 5,XL,3 Colors,Men,4048800,2025-06-01-20:08:26
T-shirt 800,https://picsum.photos/280/350?random=800,⭐ 4.6 / 5,XXL,3 Colors,Women,7433280,2025-06-01-20:08:26
Pants 802,https://picsum.photos/280/350?random=802,⭐ 4.4 / 5,M,3 Colors,Men,5710240,2025-06-01-20:08:28
Outerwear 803,https://picsum.photos/280/350?random=803,⭐ 4.3 / 5,L,3 Colors,Women,1875360,2025-06-01-20:08:28
Jacket 804,https://picsum.photos/280/350?random=804,⭐ 3.9 / 5,XL,3 Colors,Unisex,4459040,2025-06-01-20:08:28
Crewneck 805,https://picsum.photos/280/350?random=805,⭐ 4.8 / 5,XXL,3 Colors,Men,3266720,2025-06-01-20:08:28
T-shirt 806,https://picsum.photos/280/350?random=806,⭐ 3.0 / 5,S,3 Colors,Women,7310560,2025-06-01-20:08:28
Hoodie 807,https://picsum.photos/280/350?random=807,⭐ 4.7 / 5,M,3 Colors,Unisex,5016000,2025-06-01-20:08:28
Pants 808,https://picsum.photos/280/350?random=808,⭐ 3.2 / 5,L,3 Colors,Men,8717760,2025-06-01-20:08:28
Outerwear 809,https://picsum.photos/280/350?random=809,⭐ 3.7 / 5,XL,3 Colors,Women,7162560,2025-06-01-20:08:28
Jacket 810,https://picsum.photos/280/350?random=810,⭐ 4.8 / 5,XXL,3 Colors,Unisex,3796640,2025-06-01-20:08:28
T-shirt 812,https://picsum.photos/280/350?random=812,⭐ 4.2 / 5,M,3 Colors,Women,6406080,2025-06-01-20:08:28
Hoodie 813,https://picsum.photos/280/350?random=813,⭐ 5.0 / 5,L,3 Colors,Unisex,4872800,2025-06-01-20:08:28
Pants 814,https://picsum.photos/280/350?random=814,⭐ 4.7 / 5,XL,3 Colors,Men,1110080,2025-06-01-20:08:28
Outerwear 815,https://picsum.photos/280/350?random=815,⭐ 4.8 / 5,XXL,3 Colors,Women,5985440,2025-06-01-20:08:28
Jacket 816,https://picsum.photos/280/350?random=816,⭐ 4.5 / 5,S,3 Colors,Unisex,1649120,2025-06-01-20:08:28
Crewneck 817,https://picsum.photos/280/350?random=817,⭐ 4.4 / 5,M,3 Colors,Men,8744160,2025-06-01-20:08:28
T-shirt 818,https://picsum.photos/280/350?random=818,⭐ 3.8 / 5,L,3 Colors,Women,5160320,2025-06-01-20:08:28
Hoodie 819,https://picsum.photos/280/350?random=819,⭐ 4.7 / 5,XL,3 Colors,Unisex,4742400,2025-06-01-20:08:28
Pants 820,https://picsum.photos/280/350?random=820,⭐ 3.4 / 5,XXL,3 Colors,Men,6030720,2025-06-01-20:08:28
Jacket 822,https://picsum.photos/280/350?random=822,⭐ 4.2 / 5,M,3 Colors,Unisex,838240,2025-06-01-20:08:30
Crewneck 823,https://picsum.photos/280/350?random=823,⭐ 4.7 / 5,L,3 Colors,Men,6103520,2025-06-01-20:08:30
T-shirt 824,https://picsum.photos/280/350?random=824,⭐ 4.1 / 5,XL,3 Colors,Women,3301440,2025-06-01-20:08:30
Hoodie 825,https://picsum.photos/280/350?random=825,⭐ 3.8 / 5,XXL,3 Colors,Unisex,1058400,2025-06-01-20:08:30
Outerwear 827,https://picsum.photos/280/350?random=827,⭐ 4.8 / 5,M,3 Colors,Women,7091040,2025-06-01-20:08:30
Jacket 828,https://picsum.photos/280/350?random=828,⭐ 4.6 / 5,L,3 Colors,Unisex,2324000,2025-06-01-20:08:30
Crewneck 829,https://picsum.photos/280/350?random=829,⭐ 4.4 / 5,XL,3 Colors,Men,4630400,2025-06-01-20:08:30
T-shirt 830,https://picsum.photos/280/350?random=830,⭐ 3.0 / 5,XXL,3 Colors,Women,4496480,2025-06-01-20:08:30
Pants 832,https://picsum.photos/280/350?random=832,⭐ 4.6 / 5,M,3 Colors,Men,3955360,2025-06-01-20:08:30
Outerwear 833,https://picsum.photos/280/350?random=833,⭐ 3.0 / 5,L,3 Colors,Women,7101280,2025-06-01-20:08:30
Jacket 834,https://picsum.photos/280/350?random=834,⭐ 3.1 / 5,XL,3 Colors,Unisex,7223680,2025-06-01-20:08:30
Crewneck 835,https://picsum.photos/280/350?random=835,⭐ 3.9 / 5,XXL,3 Colors,Men,7143360,2025-06-01-20:08:30
T-shirt 836,https://picsum.photos/280/350?random=836,⭐ 4.1 / 5,S,3 Colors,Women,6065440,2025-06-01-20:08:30
Hoodie 837,https://picsum.photos/280/350?random=837,⭐ 5.0 / 5,M,3 Colors,Unisex,5532640,2025-06-01-20:08:30
Pants 838,https://picsum.photos/280/350?random=838,⭐ 3.1 / 5,L,3 Colors,Men,2848800,2025-06-01-20:08:30
Outerwear 839,https://picsum.photos/280/350?random=839,⭐ 3.9 / 5,XL,3 Colors,Women,4208320,2025-06-01-20:08:30
Jacket 840,https://picsum.photos/280/350?random=840,⭐ 3.6 / 5,XXL,3 Colors,Unisex,8164640,2025-06-01-20:08:30
T-shirt 842,https://picsum.photos/280/350?random=842,⭐ 3.3 / 5,M,3 Colors,Women,2859040,2025-06-01-20:08:32
Hoodie 843,https://picsum.photos/280/350?random=843,⭐ 3.6 / 5,L,3 Colors,Unisex,2997120,2025-06-01-20:08:32
Pants 844,https://picsum.photos/280/350?random=844,⭐ 3.9 / 5,XL,3 Colors,Men,7422880,2025-06-01-20:08:32
Outerwear 845,https://picsum.photos/280/350?random=845,⭐ 3.2 / 5,XXL,3 Colors,Women,2023200,2025-06-01-20:08:32
Jacket 846,https://picsum.photos/280/350?random=846,⭐ 3.6 / 5,S,3 Colors,Unisex,7480480,2025-06-01-20:08:32
Crewneck 847,https://picsum.photos/280/350?random=847,⭐ 3.7 / 5,M,3 Colors,Men,4789920,2025-06-01-20:08:32
T-shirt 848,https://picsum.photos/280/350?random=848,⭐ 4.1 / 5,L,3 Colors,Women,6134240,2025-06-01-20:08:32
Hoodie 849,https://picsum.photos/280/350?random=849,⭐ 3.5 / 5,XL,3 Colors,Unisex,7816160,2025-06-01-20:08:32
Pants 850,https://picsum.photos/280/350?random=850,⭐ 4.2 / 5,XXL,3 Colors,Men,4144160,2025-06-01-20:08:32
Jacket 852,https://picsum.photos/280/350?random=852,⭐ 4.1 / 5,M,3 Colors,Unisex,2777280,2025-06-01-20:08:32
Crewneck 853,https://picsum.photos/280/350?random=853,⭐ 3.4 / 5,L,3 Colors,Men,2643840,2025-06-01-20:08:32
T-shirt 854,https://picsum.photos/280/350?random=854,⭐ 4.5 / 5,XL,3 Colors,Women,1600000,2025-06-01-20:08:32
Hoodie 855,https://picsum.photos/280/350?random=855,⭐ 5.0 / 5,XXL,3 Colors,Unisex,3249760,2025-06-01-20:08:32
Outerwear 857,https://picsum.photos/280/350?random=857,⭐ 3.0 / 5,M,3 Colors,Women,4532800,2025-06-01-20:08:32
Jacket 858,https://picsum.photos/280/350?random=858,⭐ 3.7 / 5,L,3 Colors,Unisex,3748640,2025-06-01-20:08:32
Crewneck 859,https://picsum.photos/280/350?random=859,⭐ 3.0 / 5,XL,3 Colors,Men,6418560,2025-06-01-20:08:32
T-shirt 860,https://picsum.photos/280/350?random=860,⭐ 4.7 / 5,XXL,3 Colors,Women,2419360,2025-06-01-20:08:32
Pants 862,https://picsum.photos/280/350?random=862,⭐ 3.3 / 5,M,3 Colors,Men,4131359,2025-06-01-20:08:34
Outerwear 863,https://picsum.photos/280/350?random=863,⭐ 4.0 / 5,L,3 Colors,Women,1071360,2025-06-01-20:08:34
Jacket 864,https://picsum.photos/280/350?random=864,⭐ 4.5 / 5,XL,3 Colors,Unisex,2168000,2025-06-01-20:08:34
Crewneck 865,https://picsum.photos/280/350?random=865,⭐ 3.9 / 5,XXL,3 Colors,Men,6805120,2025-06-01-20:08:34
T-shirt 866,https://picsum.photos/280/350?random=866,⭐ 3.2 / 5,S,3 Colors,Women,2399040,2025-06-01-20:08:34
Hoodie 867,https://picsum.photos/280/350?random=867,⭐ 3.3 / 5,M,3 Colors,Unisex,1303840,2025-06-01-20:08:34
Pants 868,https://picsum.photos/280/350?random=868,⭐ 4.6 / 5,L,3 Colors,Men,7473760,2025-06-01-20:08:34
Outerwear 869,https://picsum.photos/280/350?random=869,⭐ 4.5 / 5,XL,3 Colors,Women,6040320,2025-06-01-20:08:34
Jacket 870,https://picsum.photos/280/350?random=870,⭐ 3.5 / 5,XXL,3 Colors,Unisex,6395040,2025-06-01-20:08:34
T-shirt 872,https://picsum.photos/280/350?random=872,⭐ 4.3 / 5,M,3 Colors,Women,1343680,2025-06-01-20:08:34
Hoodie 873,https://picsum.photos/280/350?random=873,⭐ 4.8 / 5,L,3 Colors,Unisex,8321600,2025-06-01-20:08:34
Pants 874,https://picsum.photos/280/350?random=874,⭐ 4.4 / 5,XL,3 Colors,Men,2755200,2025-06-01-20:08:34
Outerwear 875,https://picsum.photos/280/350?random=875,⭐ 4.6 / 5,XXL,3 Colors,Women,2506720,2025-06-01-20:08:34
Jacket 876,https://picsum.photos/280/350?random=876,⭐ 4.6 / 5,S,3 Colors,Unisex,3225760,2025-06-01-20:08:34
Crewneck 877,https://picsum.photos/280/350?random=877,⭐ 4.6 / 5,M,3 Colors,Men,4552640,2025-06-01-20:08:34
T-shirt 878,https://picsum.photos/280/350?random=878,⭐ 4.7 / 5,L,3 Colors,Women,4809760,2025-06-01-20:08:34
Hoodie 879,https://picsum.photos/280/350?random=879,⭐ 3.1 / 5,XL,3 Colors,Unisex,1026880,2025-06-01-20:08:34
Pants 880,https://picsum.photos/280/350?random=880,⭐ 4.3 / 5,XXL,3 Colors,Men,6497760,2025-06-01-20:08:34
Jacket 882,https://picsum.photos/280/350?random=882,⭐ 3.3 / 5,M,3 Colors,Unisex,6420960,2025-06-01-20:08:36
Crewneck 883,https://picsum.photos/280/350?random=883,⭐ 3.6 / 5,L,3 Colors,Men,5901120,2025-06-01-20:08:36
T-shirt 884,https://picsum.photos/280/350?random=884,⭐ 4.3 / 5,XL,3 Colors,Women,7414720,2025-06-01-20:08:36
Hoodie 885,https://picsum.photos/280/350?random=885,⭐ 3.4 / 5,XXL,3 Colors,Unisex,4760640,2025-06-01-20:08:36
Outerwear 887,https://picsum.photos/280/350?random=887,⭐ 3.8 / 5,M,3 Colors,Women,7806400,2025-06-01-20:08:36
Jacket 888,https://picsum.photos/280/350?random=888,⭐ 4.2 / 5,L,3 Colors,Unisex,7869280,2025-06-01-20:08:36
Crewneck 889,https://picsum.photos/280/350?random=889,⭐ 4.6 / 5,XL,3 Colors,Men,6333920,2025-06-01-20:08:36
T-shirt 890,https://picsum.photos/280/350?random=890,⭐ 4.7 / 5,XXL,3 Colors,Women,6439040,2025-06-01-20:08:36
Pants 892,https://picsum.photos/280/350?random=892,⭐ 4.4 / 5,M,3 Colors,Men,8515360,2025-06-01-20:08:36
Outerwear 893,https://picsum.photos/280/350?random=893,⭐ 3.2 / 5,L,3 Colors,Women,2673600,2025-06-01-20:08:36
Jacket 894,https://picsum.photos/280/350?random=894,⭐ 4.8 / 5,XL,3 Colors,Unisex,2946560,2025-06-01-20:08:36
Crewneck 895,https://picsum.photos/280/350?random=895,⭐ 4.3 / 5,XXL,3 Colors,Men,1126720,2025-06-01-20:08:36
T-shirt 896,https://picsum.photos/280/350?random=896,⭐ 4.9 / 5,S,3 Colors,Women,7873760,2025-06-01-20:08:36
Hoodie 897,https://picsum.photos/280/350?random=897,⭐ 3.1 / 5,M,3 Colors,Unisex,6077920,2025-06-01-20:08:36
Pants 898,https://picsum.photos/280/350?random=898,⭐ 4.1 / 5,L,3 Colors,Men,8408640,2025-06-01-20:08:36
Outerwear 899,https://picsum.photos/280/350?random=899,⭐ 4.8 / 5,XL,3 Colors,Women,6192960,2025-06-01-20:08:36
Jacket 900,https://picsum.photos/280/350?random=900,⭐ 3.3 / 5,XXL,3 Colors,Unisex,7214240,2025-06-01-20:08:36
T-shirt 902,https://picsum.photos/280/350?random=902,⭐ 3.6 / 5,M,3 Colors,Women,3164000,2025-06-01-20:08:38
Hoodie 903,https://picsum.photos/280/350?random=903,⭐ 4.1 / 5,L,3 Colors,Unisex,2617920,2025-06-01-20:08:38
Pants 904,https://picsum.photos/280/350?random=904,⭐ 3.9 / 5,XL,3 Colors,Men,3356320,2025-06-01-20:08:38
Outerwear 905,https://picsum.photos/280/350?random=905,⭐ 4.9 / 5,XXL,3 Colors,Women,5027840,2025-06-01-20:08:38
Jacket 906,https://picsum.photos/280/350?random=906,⭐ 3.9 / 5,S,3 Colors,Unisex,4301760,2025-06-01-20:08:38
Crewneck 907,https://picsum.photos/280/350?random=907,⭐ 4.9 / 5,M,3 Colors,Men,8732640,2025-06-01-20:08:38
T-shirt 908,https://picsum.photos/280/350?random=908,⭐ 4.2 / 5,L,3 Colors,Women,7954880,2025-06-01-20:08:38
Hoodie 909,https://picsum.photos/280/350?random=909,⭐ 3.6 / 5,XL,3 Colors,Unisex,8383840,2025-06-01-20:08:38
Pants 910,https://picsum.photos/280/350?random=910,⭐ 4.7 / 5,XXL,3 Colors,Men,2395200,2025-06-01-20:08:38
Jacket 912,https://picsum.photos/280/350?random=912,⭐ 4.9 / 5,M,3 Colors,Unisex,7853280,2025-06-01-20:08:38
Crewneck 913,https://picsum.photos/280/350?random=913,⭐ 3.5 / 5,L,3 Colors,Men,3222240,2025-06-01-20:08:38
T-shirt 914,https://picsum.photos/280/350?random=914,⭐ 4.6 / 5,XL,3 Colors,Women,5799200,2025-06-01-20:08:38
Hoodie 915,https://picsum.photos/280/350?random=915,⭐ 4.2 / 5,XXL,3 Colors,Unisex,2649120,2025-06-01-20:08:38
Outerwear 917,https://picsum.photos/280/350?random=917,⭐ 4.0 / 5,M,3 Colors,Women,6061600,2025-06-01-20:08:38
Jacket 918,https://picsum.photos/280/350?random=918,⭐ 3.3 / 5,L,3 Colors,Unisex,5380800,2025-06-01-20:08:38
Crewneck 919,https://picsum.photos/280/350?random=919,⭐ 4.7 / 5,XL,3 Colors,Men,8364000,2025-06-01-20:08:38
T-shirt 920,https://picsum.photos/280/350?random=920,⭐ 3.2 / 5,XXL,3 Colors,Women,3706080,2025-06-01-20:08:38
Pants 922,https://picsum.photos/280/350?random=922,⭐ 4.4 / 5,M,3 Colors,Men,1210880,2025-06-01-20:08:41
Outerwear 923,https://picsum.photos/280/350?random=923,⭐ 3.7 / 5,L,3 Colors,Women,2435840,2025-06-01-20:08:41
Jacket 924,https://picsum.photos/280/350?random=924,⭐ 3.8 / 5,XL,3 Colors,Unisex,3764320,2025-06-01-20:08:41
Crewneck 925,https://picsum.photos/280/350?random=925,⭐ 4.5 / 5,XXL,3 Colors,Men,7900800,2025-06-01-20:08:41
T-shirt 926,https://picsum.photos/280/350?random=926,⭐ 4.6 / 5,S,3 Colors,Women,1911040,2025-06-01-20:08:41
Hoodie 927,https://picsum.photos/280/350?random=927,⭐ 3.5 / 5,M,3 Colors,Unisex,7706400,2025-06-01-20:08:41
Pants 928,https://picsum.photos/280/350?random=928,⭐ 3.4 / 5,L,3 Colors,Men,3911680,2025-06-01-20:08:41
Outerwear 929,https://picsum.photos/280/350?random=929,⭐ 3.3 / 5,XL,3 Colors,Women,1253440,2025-06-01-20:08:41
Jacket 930,https://picsum.photos/280/350?random=930,⭐ 4.9 / 5,XXL,3 Colors,Unisex,1741120,2025-06-01-20:08:41
T-shirt 932,https://picsum.photos/280/350?random=932,⭐ 4.2 / 5,M,3 Colors,Women,5937600,2025-06-01-20:08:41
Hoodie 933,https://picsum.photos/280/350?random=933,⭐ 3.4 / 5,L,3 Colors,Unisex,4960800,2025-06-01-20:08:41
Pants 934,https://picsum.photos/280/350?random=934,⭐ 3.6 / 5,XL,3 Colors,Men,2248160,2025-06-01-20:08:41
Outerwear 935,https://picsum.photos/280/350?random=935,⭐ 4.1 / 5,XXL,3 Colors,Women,6048000,2025-06-01-20:08:41
Jacket 936,https://picsum.photos/280/350?random=936,⭐ 3.1 / 5,S,3 Colors,Unisex,6165440,2025-06-01-20:08:41
Crewneck 937,https://picsum.photos/280/350?random=937,⭐ 4.1 / 5,M,3 Colors,Men,2475360,2025-06-01-20:08:41
T-shirt 938,https://picsum.photos/280/350?random=938,⭐ 3.6 / 5,L,3 Colors,Women,4058400,2025-06-01-20:08:41
Hoodie 939,https://picsum.photos/280/350?random=939,⭐ 4.8 / 5,XL,3 Colors,Unisex,4466080,2025-06-01-20:08:41
Pants 940,https://picsum.photos/280/350?random=940,⭐ 3.7 / 5,XXL,3 Colors,Men,5776000,2025-06-01-20:08:41
Jacket 942,https://picsum.photos/280/350?random=942,⭐ 3.0 / 5,M,3 Colors,Unisex,7972960,2025-06-01-20:08:43
Crewneck 943,https://picsum.photos/280/350?random=943,⭐ 4.4 / 5,L,3 Colors,Men,4571040,2025-06-01-20:08:43
T-shirt 944,https://picsum.photos/280/350?random=944,⭐ 4.6 / 5,XL,3 Colors,Women,1578240,2025-06-01-20:08:43
Hoodie 945,https://picsum.photos/280/350?random=945,⭐ 4.2 / 5,XXL,3 Colors,Unisex,2107680,2025-06-01-20:08:43
Outerwear 947,https://picsum.photos/280/350?random=947,⭐ 4.6 / 5,M,3 Colors,Women,7079680,2025-06-01-20:08:43
Jacket 948,https://picsum.photos/280/350?random=948,⭐ 3.9 / 5,L,3 Colors,Unisex,4600480,2025-06-01-20:08:43
Crewneck 949,https://picsum.photos/280/350?random=949,⭐ 4.4 / 5,XL,3 Colors,Men,1844320,2025-06-01-20:08:43
T-shirt 950,https://picsum.photos/280/350?random=950,⭐ 4.9 / 5,XXL,3 Colors,Women,7691680,2025-06-01-20:08:43
Pants 952,https://picsum.photos/280/350?random=952,⭐ 3.7 / 5,M,3 Colors,Men,7155040,2025-06-01-20:08:43
Outerwear 953,https://picsum.photos/280/350?random=953,⭐ 3.8 / 5,L,3 Colors,Women,8423200,2025-06-01-20:08:43
Jacket 954,https://picsum.photos/280/350?random=954,⭐ 4.1 / 5,XL,3 Colors,Unisex,3878720,2025-06-01-20:08:43
Crewneck 955,https://picsum.photos/280/350?random=955,⭐ 4.7 / 5,XXL,3 Colors,Men,7006560,2025-06-01-20:08:43
T-shirt 956,https://picsum.photos/280/350?random=956,⭐ 3.1 / 5,S,3 Colors,Women,4457600,2025-06-01-20:08:43
Hoodie 957,https://picsum.photos/280/350?random=957,⭐ 4.4 / 5,M,3 Colors,Unisex,4024320,2025-06-01-20:08:43
Pants 958,https://picsum.photos/280/350?random=958,⭐ 4.8 / 5,L,3 Colors,Men,3946240,2025-06-01-20:08:43
Outerwear 959,https://picsum.photos/280/350?random=959,⭐ 4.6 / 5,XL,3 Colors,Women,6828480,2025-06-01-20:08:43
Jacket 960,https://picsum.photos/280/350?random=960,⭐ 4.5 / 5,XXL,3 Colors,Unisex,5840160,2025-06-01-20:08:43
T-shirt 962,https://picsum.photos/280/350?random=962,⭐ 4.1 / 5,M,3 Colors,Women,2887840,2025-06-01-20:08:45
Hoodie 963,https://picsum.photos/280/350?random=963,⭐ 4.6 / 5,L,3 Colors,Unisex,7916160,2025-06-01-20:08:45
Pants 964,https://picsum.photos/280/350?random=964,⭐ 3.3 / 5,XL,3 Colors,Men,3885280,2025-06-01-20:08:45
Outerwear 965,https://picsum.photos/280/350?random=965,⭐ 4.5 / 5,XXL,3 Colors,Women,3107200,2025-06-01-20:08:45
Jacket 966,https://picsum.photos/280/350?random=966,⭐ 4.9 / 5,S,3 Colors,Unisex,8499520,2025-06-01-20:08:45
Crewneck 967,https://picsum.photos/280/350?random=967,⭐ 3.5 / 5,M,3 Colors,Men,1744000,2025-06-01-20:08:45
T-shirt 968,https://picsum.photos/280/350?random=968,⭐ 4.4 / 5,L,3 Colors,Women,4045120,2025-06-01-20:08:45
Hoodie 969,https://picsum.photos/280/350?random=969,⭐ 3.8 / 5,XL,3 Colors,Unisex,4231840,2025-06-01-20:08:45
Pants 970,https://picsum.photos/280/350?random=970,⭐ 4.6 / 5,XXL,3 Colors,Men,952960,2025-06-01-20:08:45
Jacket 972,https://picsum.photos/280/350?random=972,⭐ 4.4 / 5,M,3 Colors,Unisex,7272000,2025-06-01-20:08:45
Crewneck 973,https://picsum.photos/280/350?random=973,⭐ 3.9 / 5,L,3 Colors,Men,7134400,2025-06-01-20:08:45
T-shirt 974,https://picsum.photos/280/350?random=974,⭐ 3.0 / 5,XL,3 Colors,Women,4769280,2025-06-01-20:08:45
Hoodie 975,https://picsum.photos/280/350?random=975,⭐ 3.6 / 5,XXL,3 Colors,Unisex,4816000,2025-06-01-20:08:45
Outerwear 977,https://picsum.photos/280/350?random=977,⭐ 3.6 / 5,M,3 Colors,Women,3356000,2025-06-01-20:08:45
Jacket 978,https://picsum.photos/280/350?random=978,⭐ 3.6 / 5,L,3 Colors,Unisex,3918240,2025-06-01-20:08:45
Crewneck 979,https://picsum.photos/280/350?random=979,⭐ 3.4 / 5,XL,3 Colors,Men,4848480,2025-06-01-20:08:45
T-shirt 980,https://picsum.photos/280/350?random=980,⭐ 3.1 / 5,XXL,3 Colors,Women,6544000,2025-06-01-20:08:45
Pants 982,https://picsum.photos/280/350?random=982,⭐ 4.9 / 5,M,3 Colors,Men,7281760,2025-06-01-20:08:47
Outerwear 983,https://picsum.photos/280/350?random=983,⭐ 3.2 / 5,L,3 Colors,Women,5762560,2025-06-01-20:08:47
Jacket 984,https://picsum.photos/280/350?random=984,⭐ 3.8 / 5,XL,3 Colors,Unisex,7349440,2025-06-01-20:08:47
Crewneck 985,https://picsum.photos/280/350?random=985,⭐ 4.3 / 5,XXL,3 Colors,Men,6236000,2025-06-01-20:08:47
T-shirt 986,https://picsum.photos/280/350?random=986,⭐ 4.5 / 5,S,3 Colors,Women,6713760,2025-06-01-20:08:47
Hoodie 987,https://picsum.photos/280/350?random=987,⭐ 4.7 / 5,M,3 Colors,Unisex,4008000,2025-06-01-20:08:47
Pants 988,https://picsum.photos/280/350?random=988,⭐ 3.5 / 5,L,3 Colors,Men,2054239,2025-06-01-20:08:47
Outerwear 989,https://picsum.photos/280/350?random=989,⭐ 4.2 / 5,XL,3 Colors,Women,6869440,2025-06-01-20:08:47
Jacket 990,https://picsum.photos/280/350?random=990,⭐ 4.2 / 5,XXL,3 Colors,Unisex,3327360,2025-06-01-20:08:47
T-shirt 992,https://picsum.photos/280/350?random=992,⭐ 4.9 / 5,M,3 Colors,Women,4840480,2025-06-01-20:08:47
Hoodie 993,https://picsum.photos/280/350?random=993,⭐ 3.4 / 5,L,3 Colors,Unisex,6361920,2025-06-01-20:08:47
Pants 994,https://picsum.photos/280/350?random=994,⭐ 4.4 / 5,XL,3 Colors,Men,1693760,2025-06-01-20:08:47
Outerwear 995,https://picsum.photos/280/350?random=995,⭐ 3.2 / 5,XXL,3 Colors,Women,8046720,2025-06-01-20:08:47
Jacket 996,https://picsum.photos/280/350?random=996,⭐ 4.3 / 5,S,3 Colors,Unisex,6942400,2025-06-01-20:08:47
Crewneck 997,https://picsum.photos/280/350?random=997,⭐ 3.9 / 5,M,3 Colors,Men,5321280,2025-06-01-20:08:47
T-shirt 998,https://picsum.photos/280/350?random=998,⭐ 4.2 / 5,L,3 Colors,Women,908000,2025-06-01-20:08:47
Hoodie 999,https://picsum.photos/280/350?random=999,⭐ 4.8 / 5,XL,3 Colors,Unisex,8534240,2025-06-01-20:08:47
Pants 1000,https://picsum.photos/280/350?random=1000,⭐ 4.7 / 5,XXL,3 Colors,Men,2938240,2025-06-01-20:08:47
